Sequence,Group,SCOP sunid
d1tdj_2,group286,55021
d1qasa1,group23,47473
d1hdmb2,group133,54452
d1a1w__,group36,47986
d1cgme_,group24,47195
d1bif_2,group211,53254
d1bif_1,group97,52540
d1poc__,group43,48619
d2cpga_,group25,47598
d1exba_,group156,51430
d2fdn__,group278,54862
d1hg3a_,group153,51351
d1ci0a_,group125,50475
d1yub__,group214,53335
d1is1a_,group144,55194
d1ezvi_,group207,81514
d1irda_,group1,46458
d1qmea4,group346,56601
d1a6f__,group250,54211
d1fpoa2,group13,47144
d1fpoa1,group2,46565
d1o4ua2,group270,54675
d1m3ya2,group208,49749
d1c20a_,group9,46774
d1m3ya1,group208,49749
d1bsma1,group5,46609
d1jxca_,group362,57095
d1bsma2,group273,54719
d3tgf__,group365,57196
d1pgs_2,group208,49742
d1pgs_1,group96,49742
d1fi2a_,group78,51182
d1im5a_,group189,52499
d1cola_,group178,56837
d1a6s__,group32,47836
d1gtma2,group210,53223
d1itpa_,group279,54897
d3btaa2,group121,50386
d3btaa1,group105,49899
d1a6m__,group1,46458
d1f9ma_,group198,52833
d1l3wa3,group82,49313
d16pk__,group231,53748
d1l3wa5,group82,49313
d1l3wa4,group82,49313
d1gzga_,group159,51569
d1euva_,group125,54001
d1o7ia_,group62,50249
d1exh__,group87,49384
d1a0aa_,group22,47459
d1l7ya_,group130,54236
d1tgoa1,group106,53098
d1o9ra_,group15,47240
d1hlra4,group329,56003
d1g99a2,group106,53067
d1g99a1,group106,53067
d1fsga_,group109,53271
d3pmga2,group230,53738
d1ezvg_,group207,81508
d1ayl_2,group405,68923
d1e7la2,group126,54060
d1e7la1,group201,68918
d4kbpa2,group171,56300
d1g5aa2,group81,51445
d1gh2a_,group101,52833
d1g5aa1,group73,51011
d1imhc2,group89,49417
d1cf9a1,group90,52317
d1iruk_,group336,56235
d1lqaa_,group156,51430
d1cixa_,group180,57059
d1igra1,group86,52058
d9wgaa2,group360,57016
d1hq8a_,group343,56436
d2hpqp_,group373,57440
d1hnna_,group111,53335
d1igra3,group363,57184
d1g2oa_,group208,53167
d2bbkh_,group72,50969
d3pmga4,group163,55957
d1fafa_,group3,46565
d1bb9__,group58,50044
d1js1x1,group224,53671
d1nwja_,group280,54909
d1in1a_,group173,52113
d1b3qa1,group20,47384
d1jj2r_,group248,54189
d1neka1,group16,46977
d1neka3,group342,56425
d1b8oa_,group107,53167
d1jsba_,group253,54285
d1mm4a_,group179,56925
d1fqta_,group57,50022
d1lrha_,group78,51182
d1g66a_,group90,52259
d1e6ca_,group97,52540
d1k28a3,group241,53955
d1e0fi_,group180,57262
d3tgl__,group114,53474
d1ljra1,group26,47616
d1n71a_,group157,55729
d1a5r__,group251,54236
d1bfg__,group63,50353
d1ez3a_,group28,47661
d1ft5a_,group45,48695
d1jyea_,group119,53822
d1gm5a2,group62,50249
d1ofua2,group147,55307
d1ofua1,group95,52490
d1ewsa_,group183,57392
d1j96a_,group156,51430
d1dzra_,group145,51182
d1aw0__,group285,55008
d1k94a_,group23,47473
d1lwha2,group157,51445
d1hn0a3,group103,49863
d1lwha1,group73,51011
d1i9ga_,group214,53335
d1hn0a4,group407,74650
d1ocrj_,group207,81419
d2ctha_,group77,48695
d1gpma3,group141,54810
d1gpma2,group181,52317
d1cex__,group90,52259
d1sbp__,group120,53850
d1i4ua_,group69,50814
d1b8da_,group1,46458
d1n6va1,group79,49265
d1fsha_,group4,46785
d1cfya_,group311,55753
d1qf5a_,group97,52540
d1coua_,group379,57567
d1gd7a_,group116,50249
d1fm4a_,group163,55961
d1p7ba2,group411,81324
d1pmla_,group373,57440
d1tbga_,group137,50978
d1iyea_,group351,56752
d1g10a_,group330,56029
d1h75a_,group101,52833
d3c2c__,group6,46626
d1qnna2,group273,54719
d1mkaa_,group136,54637
d1qnna1,group5,46609
d1gcva_,group1,46458
d1hcnb_,group187,57501
d1it2a_,group1,46458
d1rypi_,group336,56235
d1qj4a_,group114,53474
d1jiwi_,group70,50882
d1dpja_,group128,50630
d1hwma_,group340,56371
d1ciy_1,group52,49785
d1ciy_2,group75,51096
d1ciy_3,group178,56849
d1k44a_,group282,54919
d1hjxa2,group134,54556
d7pcka_,group242,54001
d1h6da2,group149,55347
d1hf8a_,group42,48473
d1fd9a_,group264,54534
d1bbza_,group108,50044
d1k9oi_,group345,56574
d1jm1a_,group57,50022
d1hyua4,group101,52833
d1iy8a_,group166,51735
d1c02a_,group14,47226
d1ijqa2,group180,57196
d1tmo_1,group130,50692
d1tmo_2,group228,53706
d1k3ya1,group26,47616
d1gpc__,group62,50249
d1keaa_,group58,48150
d1jjda_,group198,57868
d1n6ba_,group65,48264
d1mqkh_,group46,48726
d1pdkb_,group47,49401
d1j1na_,group120,53850
d1hs6a3,group152,55486
d1cmr__,group362,57095
d1itxa2,group134,54556
d1esfa2,group256,54334
d1a28a_,group72,48508
d1g6za_,group246,54160
d1axh__,group361,57059
d1b66a_,group155,55620
d1iq0a1,group28,47323
d1iq0a3,group144,55190
d1fnna2,group97,52540
d1jeha2,group167,51905
d1c9fa_,group130,54277
d1qrya_,group7,46689
d1elra_,group70,48452
d2u2fa_,group283,54928
d1qf6a3,group144,55186
d1ejxb_,group151,51278
d1m9ua_,group126,50494
d1efdn_,group235,53807
d1eova1,group62,50249
d1jjcb3,group116,50249
d1sgpi_,group186,57467
d1eova2,group309,55681
d1vin_2,group35,47954
d2ctn__,group23,47473
d1vin_1,group35,47954
d1lfja_,group76,48619
d1chua3,group174,56425
d1iapa_,group56,48097
d1lata_,group385,57716
d1bfd_1,group94,52467
d1bfd_3,group96,52518
d1bfd_2,group96,52518
d1hfel2,group278,54862
d1phm_2,group96,49742
d1qhda2,group53,49818
d1mu5a2,group129,54211
d1gh9a_,group196,57821
d1gjja1,group201,63451
d1gjja2,group201,63451
d1xnaa_,group52,49785
d1mpga1,group38,48150
d1i0da_,group158,51556
d1mpga2,group163,55945
d3dfr__,group218,53597
d1d9na_,group127,54171
d1eula1,group78,81653
d1m55a_,group151,55464
d1coza_,group92,52374
d1euoa_,group133,50814
d1jj2e2,group165,56053
d1e12a_,group410,81321
d1hxva_,group134,54534
d1keka5,group278,54862
d1ehwa_,group282,54919
d1keka1,group96,52518
d1repc2,group4,46785
d1czfa_,group143,51126
d1j99a_,group191,52540
d1fjna_,group362,57095
d1nnwa_,group171,56300
d1e32a1,group67,50692
d1dqta_,group78,48726
d2pspa2,group375,57492
d1etpa2,group6,46626
d1ispa_,group114,53474
d1fo0a_,group78,48726
d1e2ta_,group242,54001
d1ra9__,group218,53597
d1clc_2,group408,81296
d1iwea_,group191,52540
d1rpl_1,group31,81585
d1iq6a_,group136,54637
d1qg3a2,group79,49265
d1m9sa2,group58,82057
d1ld8b_,group40,48239
d1l2ma_,group151,55464
d1uaaa1,group191,52540
d1htp__,group79,51230
d1c6wa_,group361,57059
d1d66a1,group193,57701
d1b5sa_,group194,52777
d1pot__,group120,53850
d1irza_,group7,46689
d1dfna_,group183,57392
d1ixda_,group58,74924
d1hdca_,group166,51735
d1o7ja_,group233,53774
d2hrva_,group66,50494
d1f8ha_,group35,47473
d1gy7a_,group132,54427
d1mo9a2,group167,51905
d1mo9a3,group150,55424
d1qlab1,group1,46548
d1cqxa3,group182,52343
d1cqxa2,group396,63380
d1cqxa1,group1,46458
d1clc_1,group61,48208
d1b6cb_,group333,56112
d1thm__,group192,52743
d2napa2,group228,53706
d2napa1,group130,50692
d1m7xa1,group408,81296
d1a3wa3,group200,52935
d2sn3__,group180,57095
d1b9wa2,group180,57196
d1ldtl_,group374,57467
d1phza1,group286,55021
d1flca1,group53,49818
d1ljoa_,group113,50182
d1tfs__,group367,57302
d1h8ma_,group159,64356
d1gu7a2,group82,51735
d1g9oa_,group112,50156
d1kf6c_,group206,81343
d2pgd_2,group82,51735
d1el4a_,group23,47473
d1bk5a_,group42,48371
d1ckla1,group188,57535
d1h4vb1,group104,52954
d1irdb_,group1,46458
d1ckla2,group377,57535
d1n55a_,group153,51351
d1huxa_,group106,53067
d1elwa_,group42,48452
d2tgi__,group187,57501
d1d09b2,group196,57825
d1c1da2,group108,53223
d1c1da1,group82,51735
d1mwva1,group57,48113
d1ckma2,group166,56091
d1mwva2,group57,48113
d1bj4a_,group215,53383
d1p38__,group333,56112
d1k42a_,group99,49785
d1pxfa_,group116,50249
d1ugia_,group132,54441
d1jnsa_,group264,54534
d1f0ya1,group39,48179
d1f0ya2,group82,51735
d1gt7a_,group221,53639
d1o17a1,group39,47648
d1cx4a1,group78,51206
d1f44a1,group31,47823
d1jwwa_,group285,55008
d1avwb_,group63,50386
d1psra_,group23,47473
d1shca_,group131,50729
d1jf9a_,group215,53383
d1j23a_,group105,52980
d1dmha_,group48,49482
d1ga6a_,group192,52743
d1jg1a_,group111,53335
d1fy7a_,group157,55729
d1abrb2,group120,50370
d2rhe__,group78,48726
d1b74a1,group225,53681
d1b74a2,group115,53681
d1tgoa2,group350,56672
d1gtxa_,group215,53383
d1f7sa_,group311,55753
d1wdna_,group237,53850
d256ba_,group14,47175
d1ekxa2,group224,53671
d1h03p1,group377,57535
d1d4ua1,group6,46955
d2liv__,group119,53822
d2ezi__,group7,46689
d1ja8a2,group273,54719
d1k5ma_,group419,88633
d1orna_,group58,48150
d1b77a2,group164,55979
d1qipa_,group135,54593
d1ezvd1,group3,46626
d1gpr__,group79,51261
d1pava_,group401,64307
d1o7nb_,group132,54427
d1bu8a2,group114,53474
d1dzka_,group69,50814
d1qba_3,group157,51445
d1qba_2,group47,49384
d1gw5m2,group159,64356
d1em9a_,group51,47943
d1jb0f_,group207,81536
d1f5ya2,group371,57424
d1f5ya1,group371,57424
d1d5ya2,group7,46689
d1faq__,group393,57889
d5eau_1,group63,48239
d1gkza1,group19,69012
d1allb_,group1,46458
d1kq1a_,group61,50182
d1jroa3,group300,55447
d1mfga_,group60,50156
d1mzha_,group159,51569
d1iarb1,group79,49265
d1krha2,group91,52343
d1krha3,group254,54292
d1dgsa1,group31,47781
d1ej0a_,group111,53335
d1vhra_,group100,52799
d1ju8a_,group361,57059
d1ob1c1,group365,57196
d1ks8a_,group40,48208
d1mpya2,group266,54593
d1mpya1,group266,54593
d1rhs_1,group197,52821
d1kfwa2,group265,54556
d1ah7__,group73,48537
d1qjca_,group183,52374
d1lf2a_,group128,50630
d1nat__,group176,52172
d1aly__,group102,49842
d1pkp_1,group129,54211
d1cii_1,group354,56837
d1vig__,group140,54791
d1jr3a1,group37,48019
d1gqoa_,group180,52304
d1a9na_,group171,52058
d1qisa_,group215,53383
d1rypd_,group336,56235
d1e0ta3,group200,52935
d1put__,group254,54292
d1vie__,group58,50090
d1avpa_,group125,54001
d1m12a_,group33,47862
d1qopb_,group116,53686
d1hz4a_,group42,48452
d1al3__,group120,53850
d1inp__,group349,56655
d1i2ua_,group180,57095
d1f5ma_,group159,55781
d1e79i_,group44,48690
d1gp6a_,group146,51197
d1ycsa_,group47,49417
d1cvua2,group365,57196
d1cvua1,group57,48113
d1amx__,group47,49401
d1bu2a1,group52,47954
d1bu2a2,group35,47954
d1aho__,group180,57095
d1gnua_,group130,54236
d1klil_,group180,57196
d1g6ga_,group54,49879
d1sur__,group92,52402
d1ddga1,group396,63380
d1ddga2,group182,52343
d1l7la_,group52,49785
d1p4oa_,group333,56112
d1ceqa2,group172,56327
d1ep3b1,group64,63380
d1ep3b2,group91,52343
d1eh1a_,group291,55194
d1i7pa2,group182,52343
d1i7pa1,group64,63380
d1jj2m_,group106,53137
d2prga_,group72,48508
d1igqa_,group107,50037
d1bw3__,group67,50685
d1nsoa_,group128,50630
d1e88a3,group190,57603
d1h41a2,group152,55545
d3mdda1,group25,47203
d3mdda2,group348,56645
d1f2ea1,group38,47616
d1bw5__,group7,46689
d1f3va_,group142,55044
d1g6sa_,group145,55205
d1dxja_,group124,53955
d1uxd__,group33,47413
d1ihka_,group119,50353
d1d2la_,group371,57424
d1chc__,group391,57850
d1fxla1,group283,54928
d1tocr2,group182,57362
d1fxla2,group283,54928
d1niya_,group361,57059
d1i8ta2,group131,54373
d1dbta_,group154,51366
d1jwib_,group343,56436
d1nfp__,group163,51679
d1rmd_1,group192,57667
d1rmd_2,group197,57850
d1k7ca_,group90,52266
d1dtwb1,group190,52518
d1fwxa1,group49,49503
d1fwxa2,group72,50974
d1dtwb2,group199,52922
d1le6a_,group76,48619
d1ifya_,group5,46934
d1ezva1,group200,63411
d1aky_2,group196,57774
d1eera_,group16,47266
d1c4ka2,group112,53383
d1fnma4,group284,54980
d1ltla_,group62,50249
d2ezl__,group4,46689
d1qlaa1,group7,46977
d1ju3a1,group52,49785
d1kssa3,group174,56425
d1kssa1,group77,48695
d1iz7a_,group217,53474
d1i16__,group112,50156
d1go3e2,group209,88798
d1ner__,group21,47413
d1daba_,group76,51126
d1qrjb1,group30,47353
d1bnb__,group369,57392
d1g7ea_,group101,52833
d1m2tb1,group120,50370
d1e0ba_,group58,54160
d1m2tb2,group120,50370
d1l9va1,group128,75347
d1n6za_,group146,89975
d1kvna_,group406,69695
d1dbwa_,group176,52172
d1g40a3,group377,57535
d1dsya_,group93,49562
d1j34b_,group343,56436
d1gw5s_,group402,64356
d1jjia_,group217,53474
d1b35b_,group208,88633
d1h32a1,group3,46626
d1a99a_,group237,53850
d1jh3a_,group290,55174
d1fxoa_,group113,53448
d1d2oa1,group48,49478
d1iow_2,group166,56059
d1iow_1,group93,52440
d1atb__,group379,57567
d1mhna_,group400,63748
d2ech__,group378,57552
d1ki0a3,group373,57440
d1qqsa_,group69,50814
d1gd0a_,group148,55331
d1jmab1,group380,57586
d1hae__,group365,57196
d1m2fa_,group90,52172
d1gcca_,group127,54171
d1qjka_,group198,57868
d1b7fa2,group283,54928
d2tpt_1,group39,47648
d1afra_,group15,47240
d1neb__,group108,50044
d1fo0b_,group78,48726
d2bbva_,group208,88633
d1qvba_,group157,51445
d1b3qa2,group62,50341
d1hzta_,group160,55811
d1jzga_,group49,49503
d1k0ra2,group141,54814
d1adr__,group21,47413
d1or7a1,group423,88659
d1jbaa_,group35,47473
d1foha3,group101,52833
d1bbha_,group23,47175
d1kkea1,group101,49835
d1c75a_,group3,46626
d1li5a1,group17,47323
d2plc__,group164,51695
d1dqea_,group23,47565
d1glqa1,group38,47616
d1jeqa1,group201,68906
d1eg7a_,group97,52540
d1k04a_,group14,68993
d1kfia2,group117,53738
d1kfia1,group117,53738
d1c22a_,group322,55920
d1j8mf1,group31,47364
d1a0fa1,group26,47616
d1kfia4,group325,55957
d1kid__,group85,52029
d1ku3a_,group423,88659
d1jb0j_,group207,81544
d1oboa_,group177,52218
d1ajj__,group371,57424
d1c52__,group3,46626
d1lucb_,group163,51679
d1vpwa1,group21,47413
d1h6va3,group299,55424
d1h6va2,group167,51905
d1n87a_,group197,57850
d1nv8a_,group214,53335
d1mm2a_,group394,57903
d1esc__,group90,52266
d1lac__,group148,51230
d2lefa_,group11,47095
d1dsva_,group195,57756
d1c55a_,group362,57095
d1gvoa_,group81,51395
d1a09a_,group305,55550
d1lxia_,group376,57501
d1swua_,group70,50876
d1me4a_,group125,54001
d1dv5a_,group18,47336
d1dcia_,group87,52096
d1jj2p_,group58,50104
d1fqva2,group86,52047
d7reqb1,group165,51703
d7reqb2,group90,52242
d1kyfa1,group46,49348
d1gcoa_,group166,51735
d3cyr__,group77,48695
d1b6e__,group343,56436
d1isua_,group191,57652
d1krra_,group144,51161
d1quba3,group377,57535
d2cbla1,group23,47473
d1o7xa_,group64,48256
d1m31a_,group35,47473
d1nkua_,group38,48150
d1mdya_,group22,47459
d1hr6a2,group397,63411
d1hr6a1,group397,63411
d1ezve2,group207,81502
d1p1ma2,group158,51556
d1c4zd_,group262,54495
d1jpya_,group187,57501
d1ngka_,group1,46458
d1j7da_,group262,54495
d1k28a1,group62,69255
d3pvia_,group105,52980
d1mqda_,group237,53850
d1m9za_,group181,57302
d2gsaa_,group215,53383
d1c8na_,group208,88633
d1doqa_,group31,47789
d1jj2l_,group248,54189
d1fsea_,group11,46894
d1de4a2,group261,54452
d1ktke1,group78,48726
d1nnja1,group13,46946
d1nnja2,group416,81624
d1ocrl_,group207,81427
d1of4a_,group52,49785
d1d1ga_,group218,53597
d1g12a_,group152,55486
d1ezm__,group152,55486
d1p42a2,group129,54211
d1rie__,group106,50022
d1h2sa_,group410,81321
d1d2ja_,group371,57424
d1hlwa_,group142,54919
d1ruxa2,group208,49749
d1gpea2,group131,54373
d2pgd_1,group39,48179
d1m7sa_,group347,56634
d1mixa1,group19,47031
d1nr0a2,group137,50978
d1nr0a1,group72,50978
d1mixa2,group68,50729
d1jyga_,group31,69047
d1j7la_,group333,56112
d1jmqa_,group139,51045
d1k9sa_,group208,53167
d1iw4a_,group186,57467
d1llfa_,group217,53474
d1g5ca_,group204,53056
d1hm9a1,group144,51161
d1hm9a2,group113,53448
d1jmxa1,group3,46626
d1doi__,group254,54292
d1h6ya_,group52,49785
d1lfwa2,group142,55031
d1e31a_,group395,57924
d1eaic_,group379,57567
d1lc0a2,group149,55347
d1dzla_,group208,88648
d1scjb_,group279,54897
d1h1js_,group201,68906
d1f68a_,group32,47370
d1n67a1,group47,49401
d1n67a2,group47,49401
d1fvqa_,group285,55008
d1i7qb_,group90,52317
d1aoha_,group47,49384
d1fada_,group36,47986
d1lrv__,group42,48371
d1e6ba2,group101,52833
d1kbva1,group92,49503
d1kbva2,group92,49503
d1e9ga_,group117,50324
d1ctda_,group23,47473
d1mml__,group176,56672
d1toaa_,group118,53807
d1pex__,group135,50923
d1xdtr_,group365,57196
d1f00i1,group86,49373
d1l3pa_,group14,81736
d1f00i3,group175,56436
d1f00i2,group86,49373
d1b9ha_,group112,53383
d1ycsb1,group69,48403
d1ncwh1,group78,48726
d1xo1a1,group46,47807
d1ycsb2,group108,50044
d1ohea1,group100,52799
d1fmya_,group392,57868
d1opoa_,group419,88633
d1l0lg_,group207,81508
d1hzia_,group16,47266
d1c0aa1,group116,50249
d1a2va2,group132,54416
d1a2va3,group132,54416
d1lrza2,group157,55729
d1jpdx1,group160,51604
d2cbla3,group153,55550
d2cbla2,group29,47668
d1i4wa_,group111,53335
d1dxga_,group196,57802
d1jvr__,group32,47836
d1jw2a_,group13,68989
d1g1ta1,group175,56436
d1lara2,group196,52799
d1rype_,group336,56235
d1cjwa_,group310,55729
d1lara1,group196,52799
d1itza3,group199,52922
d1kte__,group101,52833
d1fu6a_,group305,55550
d1ih7a1,group106,53098
d1gcqa_,group108,50044
d1nwva1,group377,57535
d1oyb__,group155,51395
d1k5db_,group68,50729
d1lrza1,group2,46589
d1uroa_,group81,51726
d1pyia1,group384,57701
d1k0wa_,group221,53639
d1zrn__,group177,56784
d1dtja_,group140,54791
d1hnja2,group121,53901
d1stma_,group422,88650
d1qfta_,group69,50814
d1lqsr2,group79,49265
d1hnja1,group121,53901
d1lqsr1,group79,49265
d1hlva1,group7,46689
d1qkya_,group362,57095
d1ep3a_,group155,51395
d1hlva2,group7,46689
d1a33__,group134,50891
d1dgfa_,group347,56634
d1np7a2,group185,52425
d1e6yb2,group288,55088
d1np7a1,group59,48173
d1qcxa_,group76,51126
d1vmoa_,group75,51092
d1befa_,group66,50494
d2eiaa1,group30,47353
d1a4ia2,group108,53223
d2eiaa2,group51,47943
d1diqc_,group3,46626
d1apme_,group333,56112
d1kzla1,group64,63380
d5znf__,group192,57667
d1qtoa_,group135,54593
d1cg5a_,group1,46458
d1m53a2,group157,51445
d1m1na_,group118,53807
d1u2fa_,group283,54928
d1ktba1,group73,51011
d1jk3a_,group152,55486
d1euvb_,group130,54236
d1efvb_,group184,52402
d1d0na4,group311,55753
d1auib_,group35,47473
d1d0na6,group311,55753
d1n8fa_,group159,51569
d1qksa1,group3,46626
d1gkab_,group133,50814
d1qovm_,group415,81483
d1j8ea_,group371,57424
d2phla1,group145,51182
d1g2ha_,group7,46689
d1baza_,group25,47598
d2chr_1,group160,51604
d1qk9a_,group247,54171
d2chr_2,group277,54826
d1e0ca1,group197,52821
d1bwda_,group321,55909
d1qjva_,group143,51126
d2hlca_,group126,50494
d1l9ga_,group89,52141
d1j20a1,group184,52402
d1cmba_,group25,47598
d1qama_,group214,53335
d1eija_,group5,46950
d1oe1a2,group49,49503
d1kx5d_,group12,47113
d1gyxa_,group148,55331
d1ny721,group208,88633
d1ny722,group208,88633
d1bola_,group320,55895
d2cy3__,group77,48695
d1dpta_,group297,55331
d1iqqa_,group320,55895
d1ep0a_,group145,51182
d1g9pa_,group180,57059
d1h641_,group113,50182
d1nrb__,group362,57095
d1ew0a_,group159,55785
d1t1da_,group138,54695
d1bvyf_,group177,52218
d1j8ca_,group251,54236
d1iru1_,group336,56235
d1c4xa_,group217,53474
d1kfsa1,group206,53098
d1d8ba_,group31,47819
d1a3qa2,group47,49417
d1opc__,group4,46894
d1ccwb_,group81,51703
d1iy9a_,group214,53335
d1ea9c2,group138,51011
d1m1xb2,group110,53300
d1ea9c1,group408,81296
d1smta_,group4,46785
d1m1xb5,group365,57196
d1l8aa3,group102,52922
d1hynp_,group315,55804
d2foka4,group105,52980
d1euma_,group26,47240
d1d9ca_,group16,47266
d1gdoa_,group169,56235
d1k6wa2,group158,51556
d1fjgq_,group116,50249
d1owfa_,group42,47729
d1bd3a_,group109,53271
d1bx7__,group180,57262
d1n6va2,group79,49265
d1nbaa_,group189,52499
d1kj1d_,group142,51110
d1eh6a1,group8,46767
d1kgya_,group52,49785
d1nkzb_,group357,56918
d2mpra_,group179,56935
d1atx__,group183,57392
d7mdha2,group339,56327
d1klfb2,group47,49401
d1vfya_,group394,57903
d1e53a_,group199,57889
d1f2ri_,group252,54277
d1mek__,group198,52833
d1jwoa_,group305,55550
d1ub7a2,group238,53901
d1trb_2,group167,51905
d1edg__,group81,51445
d1fr2b_,group126,54060
d1lj5a_,group345,56574
d1ew2a_,group222,53649
d1g8ka2,group228,53706
d1ix5a_,group264,54534
d1nsj__,group154,51366
d1gxya_,group173,56399
d1dlc_1,group99,49785
d1ayfa_,group130,54292
d1tkia_,group333,56112
d1cv8__,group125,54001
d2apr__,group128,50630
d1azza_,group126,50494
d1bmv11,group419,88633
d1lq9a_,group280,54909
d1dxea_,group161,51621
d1kv8a_,group154,51366
d1buca2,group348,56645
d1i6pa_,group204,53056
d1cpy__,group217,53474
d1uox_1,group155,55620
d1bhu__,group51,49695
d1i07a_,group58,50044
d1uox_2,group155,55620
d1lpla_,group58,74924
d1qq4a_,group66,50494
d1aisa2,group324,55945
d1gff2_,group420,88645
d1k4ga_,group81,51713
d1fuia1,group64,50443
d1bhi__,group192,57667
d1ezvb1,group200,63411
d1e58a_,group211,53254
d1luia_,group305,55550
d1b9ra_,group254,54292
d1jb0e_,group58,50090
d1gqva_,group244,54076
d1hwmb2,group120,50370
d1hwmb1,group120,50370
d1eo0a_,group29,47676
d1b88a_,group78,48726
d1lp3a_,group420,88645
d1eh9a3,group157,51445
d1eh9a2,group73,51011
d1efub2,group272,54713
d1m53a1,group138,51011
d1efub4,group272,54713
d1qgoa_,group118,53800
d1beba_,group133,50814
d1uok_2,group157,51445
d1uok_1,group73,51011
d1mola_,group132,54403
d1qf6a1,group202,52954
d1dhn__,group155,55620
d1fjgc1,group141,54814
d1i25a_,group361,57059
d1dxsa_,group31,47769
d1zin_2,group196,57774
d1thx__,group101,52833
d1huw__,group16,47266
d1k0ma1,group26,47616
d1d0na5,group311,55753
d1g0da3,group81,49309
d1jgga_,group7,46689
d1jd0a_,group140,51069
d1ivha1,group25,47203
d1ivha2,group348,56645
d1pce__,group374,57467
d3seb_1,group62,50203
d2liga_,group14,47170
d1hz8a2,group365,57196
d1od5a2,group78,51182
d1rypb_,group336,56235
d1n7oa1,group40,48230
d1otha1,group224,53671
d1otha2,group224,53671
d1e5qa2,group149,55347
d1cjca1,group167,51905
d1fjgm_,group13,46946
d1rpja_,group236,53822
d1d0na3,group158,55753
d1imhc1,group408,81296
d1e19a_,group220,53633
d1n1ta2,group136,50939
d1dfca2,group63,50405
d1hms__,group133,50814
d1n1ta1,group55,49899
d1pea__,group119,53822
d1f6fb1,group79,49265
d1pft__,group196,57783
d1k3xa3,group194,57716
d1ixh__,group120,53850
d1k4ma_,group183,52374
d1xvaa_,group111,53335
d1jeta_,group120,53850
d1i3oe_,group395,57924
d1qf6a4,group156,55681
d1kpf__,group128,54197
d1i7ha_,group254,54292
d1rro__,group35,47473
d1h72c2,group142,55060
d1h72c1,group129,54211
d1idpa_,group132,54427
d1blu__,group278,54862
d1o1za_,group164,51695
d1az9_1,group106,53092
d1n9la_,group159,55785
d1iaka2,group261,54452
d1bi5a2,group121,53901
d1bgp__,group57,48113
d1kopa_,group140,51069
d1muwa_,group81,51658
d1ddza1,group204,53056
d1ngna_,group38,48150
d1jjua4,group408,81296
d4mt2__,group198,57868
d1e43a1,group73,51011
d1hroa_,group6,46626
d1e43a2,group157,51445
d1e79h1,group2,46604
d1gca__,group236,53822
d1n4ya_,group378,57552
d1cf9a2,group347,56634
d1fo4a3,group269,54665
d1kv3a3,group81,49309
d1kv3a2,group81,49309
d1pne__,group159,55770
d1ks9a1,group39,48179
d1ks9a2,group82,51735
d1iexa1,group81,51445
d1iexa2,group90,52279
d1h2sb_,group410,81321
d1l6ra_,group177,56784
d1fp2a2,group111,53335
d1fp2a1,group4,46785
d1es9a_,group90,52266
d1ftra2,group142,55112
d1ftra1,group142,55112
d1pmi__,group78,51182
d1qlac_,group206,81343
d1ezwa_,group163,51679
d1m6ia2,group83,51905
d1h5ba_,group78,48726
d1ocri_,group207,81415
d1heta2,group82,51735
d3cla__,group98,52777
d3pmga3,group117,53738
d1c4oa2,group97,52540
d1gega_,group166,51735
d1afwa2,group238,53901
d1egja_,group79,49265
d1f4ia_,group5,46934
d1ihma_,group419,88633
d1hdma2,group133,54452
d3sdha_,group1,46458
d1g4ma1,group46,81296
d1omia1,group4,46785
d1g6aa_,group346,56601
d1oeba_,group108,50044
d1ap6a1,group5,46609
d1dmua_,group105,52980
d1md0a_,group4,46785
d1o4ta_,group78,51182
d1hi7a_,group375,57492
d1i4na_,group154,51366
d1quba5,group188,57535
d1b7go2,group298,55347
d1gnwa1,group26,47616
d1euwa_,group80,51283
d1gsoa2,group93,52440
d1ez0a_,group229,53720
d1on3a1,group87,52096
d1i71a_,group185,57440
d1on3a2,group87,52096
d1n26a3,group79,49265
d1n26a2,group79,49265
d2dri__,group236,53822
d1m15a2,group323,55931
d2scpa_,group23,47473
d1qlca_,group112,50156
d1kaca_,group101,49835
d1hr6b2,group397,63411
d1pbv__,group42,48425
d1nvha_,group196,57829
d1i39a_,group206,53098
d1e4ea1,group186,52440
d1dova_,group14,47220
d1fpza_,group100,52799
d1nj1a3,group309,55681
d1l1za3,group385,57716
d1nj1a1,group202,52954
d1dm5a_,group49,47874
d1qtra_,group217,53474
d1ig6a_,group4,46774
d1ny711,group208,88633
d1jkga_,group260,54427
d1ozna_,group171,52058
d1tnra_,group102,49842
d1exsa_,group69,50814
d1qgia_,group124,53955
d1j6na_,group116,53686
d1fr2a_,group18,47345
d1ju5a_,group305,55550
d2ayh__,group105,49899
d1prtb2,group175,56436
d2hipa_,group191,57652
d2hgsa1,group186,52440
d1f06a2,group149,55347
d1ntea_,group60,50156
d1hc7a1,group104,52954
d1ng4a2,group257,54373
d2ceva_,group193,52768
d1gjwa1,group73,51011
d1tfxc_,group368,57362
d1k3ia2,group52,49785
d1gjwa2,group81,51445
d1pqsa_,group252,54277
d1ytba1,group163,55945
d1ytba2,group324,55945
d1mu5a1,group203,46946
d1dd2a_,group148,51230
d1feca2,group167,51905
d1enfa2,group256,54334
d1mxa_3,group327,55973
d1enfa1,group114,50203
d1m1xa4,group72,69318
d1oqva_,group263,54523
d1m1xa1,group46,69179
d1ea7a_,group192,52743
d1m1xa2,group46,69179
d1chma1,group106,53092
d1chma2,group322,55920
d1qu6a2,group139,54768
d1agre_,group56,48097
d1otga_,group148,55331
d1lvl_3,group299,55424
d1g9za_,group154,55608
d2fnba_,group79,49265
d1jaka1,group81,51445
d1f86a_,group48,49472
d1nu4a_,group283,54928
d1jaka2,group152,55545
d1h7za_,group101,49835
d1alla_,group1,46458
d1tvda_,group78,48726
d1h6ka2,group42,48371
d1h6ka1,group42,48371
d1ldjb_,group197,57850
d1chka_,group241,53955
d1phk__,group333,56112
d1i1ja_,group58,50044
d1dk8a_,group56,48097
d1ptf__,group306,55594
d1h98a_,group278,54862
d1a3k__,group105,49899
d1tns__,group14,46955
d1fi6a_,group23,47473
d1n3oa_,group105,49899
d1khda1,group27,47648
d1k07a_,group170,56281
d1dixa_,group320,55895
d1h3za_,group58,63748
d1pmaa_,group336,56235
d1orva2,group114,53474
d1mgta1,group8,46767
d1mbma_,group66,50494
d1jj2t_,group194,57716
d1dp4a_,group119,53822
d1njqa_,group192,57667
d1feha2,group130,54292
d1cb8a3,group407,74650
d1ju2a2,group131,54373
d1cb8a1,group62,48230
d1by5a_,group359,56935
d1mgqa_,group61,50182
d1f4la1,group17,47323
d1f4la3,group196,57770
d1bkf__,group134,54534
d1qhqa_,group92,49503
d1kjka_,group127,54171
d1d4oa_,group94,52467
d1an8_2,group256,54334
d1atia1,group202,52954
d1an8_1,group114,50203
d1jf8a_,group99,52788
d1nija1,group97,52540
d1kwfa_,group40,48208
d1n9da_,group27,47266
d1iqta_,group283,54928
d2sli_2,group136,50939
d12asa_,group156,55681
d2sli_1,group55,49899
d1jswa_,group75,48557
d2trxa_,group198,52833
d1i1ga2,group280,54909
d1guxb_,group35,47954
d1oaoa_,group353,56821
d1scy__,group362,57095
d1jfra_,group114,53474
d1ogad1,group78,48726
d1eaja_,group46,48726
d1regx_,group142,55064
d1gkna2,group377,57535
d1l3ka1,group283,54928
d1mb4a2,group149,55347
d1fj7a_,group283,54928
d1f7ua1,group17,47323
d1f7ua3,group144,55190
d1f7ua2,group92,52374
d1shsa_,group98,49764
d1noa__,group83,49319
d1ag9a_,group177,52218
d1exra_,group35,47473
d1ezvc3,group206,81342
d1cpo_2,group23,47571
d1de4c2,group85,52025
d1coja2,group273,54719
d1coja1,group2,46609
d1agi__,group244,54076
d2tct_1,group7,46689
d1kt1a3,group264,54534
d1qgda3,group102,52922
d1qgda2,group96,52518
d1qgda1,group96,52518
d1hj9a_,group126,50494
d1mxga1,group73,51011
d1i50k_,group146,55257
d1a4sa_,group229,53720
d1vns__,group66,48317
d1kufa_,group152,55486
d1c8da_,group208,88645
d1h4ax1,group51,49695
d1dw0a_,group6,46626
d1h4ax2,group95,49695
d1pe0a_,group90,52317
d1khba2,group405,68923
d1qr2a_,group177,52218
d1fjgl_,group62,50249
d1l6ja3,group373,57440
d1skz_2,group366,57262
d1cfb_2,group79,49265
d1psza_,group235,53807
d1fnga2,group133,54452
d1cfb_1,group79,49265
d1bjaa_,group4,46785
d1jqlb_,group97,52540
d1kqfa1,group130,50692
d1jyoa_,group202,69635
d1rnfa_,group244,54076
d1jr8a_,group14,69000
d1aym1_,group419,88633
d2nllb_,group385,57716
d1ijba_,group213,53300
d1a2za_,group107,53182
d1lc5a_,group112,53383
d1ci9a_,group346,56601
d1ka9h_,group181,52317
d1xbl__,group2,46565
d1gqaa_,group23,47175
d1abra_,group340,56371
d1kgna_,group26,47240
d1ohla_,group159,51569
d1sgt__,group126,50494
d1hxxa_,group179,56935
d1ivya_,group217,53474
d1tbge_,group44,48670
d1ct9a2,group336,56235
d1d5ga_,group112,50156
d1oe8a1,group26,47616
d1a49a3,group200,52935
d1a49a1,group132,50800
d1acf__,group312,55770
d1nkl__,group48,47862
d1yuja_,group192,57667
d1b3ua_,group42,48371
d1nekd_,group206,81343
d1o2fb_,group154,55604
d1f8ya_,group90,52309
d1irqa_,group25,47598
d1avac_,group121,50386
d1vsra_,group105,52980
d1qo8a3,group342,56425
d1he1a_,group14,47233
d1onia_,group294,55298
d1iloa_,group101,52833
d1bgva1,group82,51735
d1fl7b_,group376,57501
d1owxa_,group283,54928
d1b9oa_,group241,53955
d1jnua_,group314,55785
d1dcea3,group171,52058
d1dcea2,group50,49594
d1jmsa3,group31,81585
d1gl5a_,group108,50044
d1km3a_,group154,51366
d2arca_,group78,51215
d1rypc_,group336,56235
d1gcqc_,group58,50044
d1lwba_,group43,48619
d1ikpa3,group178,56864
d1ikpa2,group173,56399
d1d2ea2,group124,50465
d1i8na_,group184,57414
d1kt7a_,group69,50814
d1dz3a_,group176,52172
d1bdo__,group79,51230
d1ip9a_,group130,54277
d2plda_,group153,55550
d1k24a_,group179,69917
d1bdg_2,group205,53067
d1eo9b_,group91,49482
d1n62c2,group167,56176
d3gcb__,group242,54001
d1hy0a_,group75,48557
d3il8__,group245,54117
d1dosa_,group159,51569
d1lqra_,group361,57059
d1m3va1,group194,57716
d1lkka_,group153,55550
d1m3va2,group194,57716
d1j0ha1,group46,81296
d1xat__,group144,51161
d1j0ha3,group157,51445
d1j0ha2,group73,51011
d1chua1,group7,46977
d1jjea_,group337,56281
d1hs7a_,group28,47661
d1k8wa4,group142,55120
d1psda3,group286,55021
d1k8wa1,group289,55120
d1jfla2,group115,53681
d1jfla1,group115,53681
d1g8fa2,group183,52374
d1g8fa1,group424,88697
d1klo_1,group180,57196
d1klo_3,group180,57196
d1klo_2,group365,57196
d1qlab2,group130,54292
d1m3ua_,group161,51621
d1dgna_,group36,47986
d1koe__,group175,56436
d1e9ea_,group97,52540
d1k61a_,group7,46689
d1amf__,group237,53850
d1eerb2,group79,49265
d1jsma_,group100,49818
d1eerb1,group79,49265
d1jb9a1,group64,63380
d1e9ta_,group375,57492
d1qjta_,group35,47473
d1joya_,group20,47384
d1ogqa_,group171,52058
d1gy9a_,group78,51197
d1jroa4,group334,56176
d1l0la2,group397,63411
d1l0la1,group397,63411
d1ot5a2,group192,52743
d1ikop_,group49,49503
d1jroa2,group254,54292
d1exma2,group124,50465
d1qora2,group82,51735
d1hks__,group10,46785
d1g5na_,group49,47874
d1ixra1,group45,47781
d1dcqa1,group69,48403
d1h6fa_,group47,49417
d1l0ia_,group18,47336
d1m61a_,group305,55550
d1l2wi_,group202,69635
d3caoa_,group45,48695
d1rvv1_,group174,52121
d1ooea_,group82,51735
d1ejga_,group372,57429
d1lwda_,group223,53659
d1tocr1,group182,57362
d1cmza_,group56,48097
d1bkra_,group24,47576
d1guya2,group339,56327
d1iw5a_,group141,82657
d1f5va_,group302,55469
d2sas__,group23,47473
d1df7a_,group218,53597
d2gpr__,group150,51261
d1aco_1,group85,52016
d1f4pa_,group90,52218
d1diqa2,group334,56176
d5hpga_,group373,57440
d1oqek_,group189,57586
d1go3f_,group31,47819
d1knma_,group63,50370
d1exta2,group189,57586
d1id0a_,group161,55874
d1jx6a_,group119,53822
d1ayaa_,group305,55550
d2eql__,group241,53955
d1j48a_,group83,49319
d1du2a_,group2,46575
d1kcma_,group163,55961
d1nbla_,group372,57429
d1nocb_,group194,52777
d1bnda_,group187,57501
d1gx3a_,group125,54001
d1jkza_,group180,57095
d1ki0a2,group373,57440
d1smla_,group337,56281
d1lnsa3,group217,53474
d1saca_,group55,49899
d1exta3,group189,57586
d1wad__,group77,48695
d1h7ea_,group113,53448
d1nf9a_,group189,52499
d1nypa2,group194,57716
d1nypa1,group194,57716
d3pgm__,group211,53254
d1ibia2,group194,57716
d1eyla_,group121,50386
d1l9ea2,group131,54373
d1jlxa1,group63,50382
d1hdoa_,group82,51735
d1fyc__,group148,51230
d1fkna_,group128,50630
d1gkna1,group188,57535
d1pvda1,group94,52467
d1mq7a_,group152,51283
d1pvda3,group190,52518
d1pvda2,group190,52518
d1buea_,group346,56601
d1h6la_,group71,50956
d1bg1a2,group47,49417
d1bk1__,group105,49899
d1koza_,group361,57059
d1kb0a1,group3,46626
d1oala_,group84,49329
d1b35a_,group208,88633
d1ebfa2,group149,55347
d1iyga_,group42,48452
d1gyca3,group49,49503
d1mwxa1,group132,54427
d1cvza_,group242,54001
d1goia1,group74,51055
d1kf6a3,group342,56425
d1goia3,group265,54556
d1hqka_,group174,52121
d1msza_,group145,82708
d1bg2__,group191,52540
d1e4bp_,group221,53639
d1rfs__,group106,50022
d1d3va_,group193,52768
d2ae2a_,group166,51735
d1dun__,group152,51283
d1f0la1,group47,49380
d1ec7a1,group160,51604
d1euha_,group229,53720
d1f0la2,group173,56399
d1fbr_2,group381,57603
d1fbr_1,group381,57603
d1nbca_,group87,49384
d1g51a2,group146,55261
d2bpa1_,group208,88645
d1grj_1,group2,46557
d1n25a_,group97,52540
d1fo4a4,group300,55447
d1fo4a5,group329,56003
d1fo4a6,group167,56176
d1fo4a1,group43,47741
d1fo4a2,group254,54292
d1gx4a_,group216,53448
d1j09a2,group92,52374
d1izoa_,group65,48264
d1ioma_,group64,48256
d1agg__,group180,57059
d1etea_,group16,47266
d1bkza_,group105,49899
d1dro__,group131,50729
d1j18a2,group157,51445
d1c5ea_,group80,51274
d1j18a1,group90,49452
d1ldja1,group4,46785
d1rkd__,group219,53613
d1hr6b1,group397,63411
d1l7aa_,group114,53474
d1lnsa2,group52,49785
d1ogae1,group78,48726
d1i2ta_,group399,63570
d1f7la_,group168,56214
d1tis__,group317,55831
d1hl2a_,group159,51569
d1mn2__,group57,48113
d1ihja_,group60,50156
d2pii__,group281,54913
d1ibja_,group215,53383
d1dysa_,group168,51989
d1keka2,group96,52518
d1i5za2,group78,51206
d1keka3,group102,52922
d1k4us_,group108,50044
d1nzaa_,group281,54913
d1mkma2,group159,55781
d1n8ja_,group198,52833
d1qtma1,group206,53098
d1qbha_,group395,57924
d3gata_,group385,57716
d1l6ja5,group373,57440
d1l6ja4,group185,57440
d1nhp_3,group150,55424
d1nhp_2,group83,51905
d1bywa_,group314,55785
d1mkya3,group141,82653
d1hcd__,group63,50405
d1nsca_,group136,50939
d1f20a2,group182,52343
d1f20a1,group64,63380
d1fngb2,group133,54452
d1e9ya1,group151,51278
d1g5ta_,group97,52540
d1m3ka1,group121,53901
d1m3ka2,group121,53901
d1e32a2,group191,52540
d1gv3a1,group5,46609
d1dzfa2,group293,55287
d1dzfa1,group105,53036
d1gv3a2,group273,54719
d1gtea1,group1,46548
d1gtea3,group83,51905
d1g73c_,group395,57924
d1ocrf_,group196,57802
d1iyoa_,group346,56601
d1gvkb_,group126,50494
d1ed1a_,group32,47836
d1dmla1,group164,55979
d1qfja2,group182,52343
d1zmec1,group193,57701
d1mx1a_,group217,53474
d1kwma2,group279,54897
d5pal__,group35,47473
d1qnf_1,group59,48173
d2por__,group179,56935
d1ctqa_,group97,52540
d1lst__,group120,53850
d1p4xa2,group4,46785
d1p4xa1,group4,46785
d1htwa_,group97,52540
d1lghb_,group357,56918
d1cp2a_,group191,52540
d1g94a1,group138,51011
d1i0va_,group123,53933
d1tbrr2,group374,57467
d1g6ha_,group191,52540
d1tbrr1,group374,57467
d1adoa_,group159,51569
d1ng2a2,group108,50044
d2ccya_,group23,47175
d1nls__,group55,49899
d1oi2a1,group95,52490
d1arb__,group66,50494
d1tfr_1,group31,47807
d1fjsl_,group365,57196
d1fzta_,group211,53254
d1jkjb2,group332,56059
d1jfua_,group198,52833
d1n8la_,group29,47336
d1dxla3,group299,55424
d1qovl_,group415,81483
d1hcz_2,group149,51246
d1h92a_,group108,50044
d1h5oa_,group183,57392
d2f5bh1,group78,48726
d1jjwa_,group169,56235
d1mg4a_,group130,89837
d1c3pa_,group193,52768
d1ihoa_,group183,52374
d1m56d_,group207,81469
d2gdm__,group1,46458
d5nul__,group177,52218
d1kija1,group250,54211
d1c4qa_,group114,50203
d1m1qa_,group45,48695
d1ng2a1,group108,50044
d1ie9a_,group72,48508
d2mnr_1,group160,51604
d2mnr_2,group277,54826
d1fp0a1,group394,57903
d1l3ya_,group365,57196
d1hska1,group334,56176
d1oi1a1,group58,63748
d1gjta_,group8,46997
d1f3la_,group111,53335
d1kexa_,group99,49785
d2lhb__,group1,46458
d1l5ja1,group42,74778
d1d6ba_,group183,57392
d1m9sa4,group417,82057
d1vtx__,group361,57059
d1hxha_,group82,51735
d1hh5a_,group77,48695
d1lbva_,group349,56655
d1ofha_,group191,52540
d1ka8a_,group4,46785
d1gpua2,group190,52518
d1jrob1,group269,54665
d1f16a_,group356,56854
d1gt91_,group192,52743
d1ktha_,group368,57362
d1aqwa2,group101,52833
d1fhe_2,group101,52833
d1nepa_,group46,81296
d1ifwa_,group399,63570
d1nkta4,group97,52540
d1d4xg_,group158,55753
d1edqa3,group134,54556
d1edqa1,group408,81296
d1lxa__,group144,51161
d1efva2,group187,52467
d1efva1,group92,52402
d1jata_,group262,54495
d1bunb_,group368,57362
d4pgaa_,group233,53774
d1rypk_,group336,56235
d1nt2a_,group214,53335
d1eexa_,group81,51703
d1p9ag_,group171,52058
d1tpg_2,group190,57603
d1c4ra_,group55,49899
d1tpg_1,group365,57196
d1aru__,group57,48113
d1o94a2,group83,51905
d1o94a1,group155,51395
d1ea5a_,group217,53474
d1a79a1,group105,53032
d1koba_,group333,56112
d1qtwa_,group162,51658
d1g6ea_,group51,49695
d1cwva3,group86,49373
d1cwva2,group86,49373
d1cwva1,group86,49373
d1psj__,group76,48619
d1mkp__,group196,52799
d1cwva4,group86,49373
d1fc3a_,group4,46894
d1pdua_,group72,48508
d1mc2a_,group43,48619
d1puee_,group10,46785
d1fzcb1,group344,56496
d1f94a_,group181,57302
d1j71a_,group128,50630
d1ihba_,group69,48403
d1ftpa_,group133,50814
d1a77_1,group31,47807
d1hd6a_,group9,47014
d1fas__,group367,57302
d1tn3__,group343,56436
d1bmta2,group178,52242
d1jt6a1,group7,46689
d1bmta1,group27,47644
d1cgha_,group126,50494
d1dt9a1,group106,53137
d1d2za_,group36,47986
d1itua_,group81,51556
d1k8kd1,group202,69645
d1hfi__,group377,57535
d1ex9a_,group114,53474
d1seta2,group156,55681
d1gsma2,group78,48726
d1tubb2,group295,55307
d1tubb1,group188,52490
d1ezvb2,group200,63411
d1j2jb_,group7,89009
d1o0la_,group356,56854
d1g73a_,group7,46984
d1jm7b_,group391,57850
d1ueab_,group115,50242
d1h8ua_,group175,56436
d1jlna_,group196,52799
d1enwa_,group5,46942
d1fbl_1,group135,50923
d1f1ma_,group14,63515
d1h5qa_,group166,51735
d1a7ta_,group337,56281
d2alca_,group193,57701
d1i0ra_,group65,50475
d1fnc_1,group396,63380
d1d4aa_,group90,52218
d1nh8a2,group281,54913
d1h9ra2,group118,50331
d1iu4a_,group125,54001
d1h9ra1,group118,50331
d1a4ya_,group86,52047
d1g38a_,group111,53335
d1h67a_,group24,47576
d1fmk_1,group108,50044
d1m40a_,group346,56601
d1ucaa_,group320,55895
d1ii7a_,group171,56300
d1nyka_,group106,50022
d1hd1a_,group283,54928
d1dar_4,group284,54980
d1kxga_,group102,49842
d3rpba_,group93,49562
d1dar_1,group64,50447
d1dar_3,group129,54211
d1ak7__,group311,55753
d1f28a_,group317,55831
d1nj3a_,group196,90213
d1g7da_,group34,47933
d1ezva2,group200,63411
d1dmta_,group152,55486
d2bds__,group183,57392
d1a73a_,group126,54060
d1b6ra1,group79,51246
d1m4ia_,group157,55729
d1b6ra2,group93,52440
d1jzua_,group133,50814
d1owfb_,group42,47729
d1hbnc_,group142,55088
d1koha1,group86,52058
d1egaa2,group141,54814
d1koha2,group283,54928
d2glia1,group192,57667
d2glia2,group192,57667
d1jjca_,group156,55681
d1a6ja_,group315,55804
d1bev1_,group419,88633
d1f5qb2,group35,47954
d1j2oa1,group385,57716
d1j2oa2,group385,57716
d1f5qb1,group52,47954
d1thfd_,group154,51366
d1bx4a_,group219,53613
d1jqqa_,group108,50044
d1sis__,group362,57095
d1p1la_,group281,54913
d1jipa_,group65,48264
d1irha_,group368,57362
d1lwma_,group21,47095
d1pbwa_,group41,48350
d3chbd_,group114,50203
d1fl2a2,group83,51905
d1sra__,group23,47473
d1jtaa_,group143,51126
d1b7ba_,group220,53633
d1ogsa2,group81,51445
d1cnoa_,group3,46626
d1ig7a_,group7,46689
d1c7na_,group215,53383
d1ggwa_,group35,47473
d1gd6a_,group241,53955
d1ueka2,group142,55060
d1gwma_,group52,49785
d1oria_,group214,53335
d1li1a1,group175,56436
d1fr3a_,group118,50331
d1hxja_,group157,51445
d1ee8a1,group13,46946
d1agja_,group66,50494
d1dp3a_,group42,47729
d1do5a_,group84,49329
d1eg3a1,group23,47473
d1eg3a2,group23,47473
d1eg3a3,group74,51045
d1kk6a_,group144,51161
d1bik_2,group368,57362
d1bik_1,group368,57362
d1lgpa_,group104,49879
d1kqfc_,group206,81342
d1hh8a_,group42,48452
d1cyo__,group318,55856
d1ufya_,group147,55298
d1ypra_,group312,55770
d1kn0a_,group139,54768
d3frua2,group261,54452
d1i50i1,group196,57783
d1aym3_,group419,88633
d1i50i2,group196,57783
d1n0za_,group196,90209
d1kwaa_,group60,50156
d1yua_2,group196,57783
d1ql3a_,group6,46626
d1yua_1,group196,57783
d1hqz1_,group158,55753
d1fmb__,group128,50630
d1g3qa_,group97,52540
d1eiwa_,group90,52206
d1qs1a2,group341,56399
d1pch__,group306,55594
d1h97a_,group1,46458
d1iv8a1,group73,51011
d1oqdk_,group189,57586
d1kqha_,group361,57059
d1efub3,group5,46934
d1k0va_,group285,55008
d1bia_2,group107,50037
d1eu3a2,group256,54334
d1l3sa2,group176,56672
d1eu3a1,group114,50203
d1lb6a_,group94,49599
d1oaia_,group5,46934
d1hc9a_,group367,57302
d1gxma_,group40,81853
d1kl1a_,group112,53383
d1n5da_,group166,51735
d3grs_3,group150,55424
d3grs_2,group83,51905
d1a0ca_,group162,51658
d1hzda_,group172,52096
d1eut_2,group99,49785
d1i7na1,group93,52440
d1h0ha1,group67,50692
d6mhta_,group214,53335
d1j0ma2,group103,49863
d1eaf__,group98,52777
d2pia_1,group64,63380
d1ad3a_,group229,53720
d1qlpa_,group345,56574
d1qdlb_,group181,52317
d1dz1a_,group58,54160
d1ei7a_,group14,47195
d1mf7a_,group213,53300
d1k5na2,group133,54452
d1i78a_,group179,69917
d1oaca2,group132,54416
d1oaca3,group259,54416
d1blxa_,group333,56112
d1b77a1,group164,55979
d1fgua1,group62,50249
d1fgua2,group62,50249
d1oo0b_,group283,54928
d1qs1a1,group173,56399
d1ql0a_,group126,54060
d1kija2,group319,55874
d1qfha2,group408,81296
d3lzt__,group124,53955
d1gyoa_,group45,48695
d1nxja_,group85,89562
d1qrva_,group11,47095
d3seb_2,group130,54334
d1c2aa1,group180,57247
d1ccva_,group379,57567
d1qapa2,group270,54675
d1a3aa_,group315,55804
d1soxa1,group46,81296
d1ica__,group362,57095
d1gz3a1,group166,51735
d1qr0a1,group168,56214
d1qr0a2,group168,56214
d1o75a1,group46,81986
d1ntr__,group176,52172
d5mdha2,group339,56327
d1kkxa_,group9,46774
d1g1ka_,group87,49384
d1doka_,group245,54117
d1fk5a_,group30,47699
d1f5aa4,group204,81301
d1kxpd3,group74,48552
d1kxpd2,group74,48552
d1kqfb2,group207,81597
d1pvc3_,group419,88633
d2cbp__,group49,49503
d1ksia2,group132,54416
d1ksia3,group132,54416
d1o97d2,group94,52467
d1o97d1,group92,52402
d1jila_,group92,52374
d1bmlc3,group130,54328
d1ly1a_,group97,52540
d1vfra_,group302,55469
d1j0aa_,group226,53686
d1pk5a_,group72,48508
d1eska_,group195,57756
d1hqi__,group330,56029
d1j5sa_,group81,51556
d1vdra_,group218,53597
d1ewia_,group62,50249
d1laue_,group175,52141
d1g0da1,group408,81296
d1mba__,group1,46458
d1ufha_,group157,55729
d2stv__,group208,88650
d1ejea_,group65,50475
d1mnta_,group37,47598
d1quqb_,group116,50249
d1k0ma2,group101,52833
d4ubpb_,group80,51278
d1kwga3,group90,52317
d1f8ma_,group81,51621
d1ff4a_,group367,57302
d1g0da4,group242,54001
d1qava_,group112,50156
d1iq8a3,group424,88697
d1qmya_,group125,54001
d1p42a1,group129,54211
d1onfa2,group167,51905
d1bf2_3,group157,51445
d1bf2_2,group73,51011
d1bf2_1,group46,81296
d1b34a_,group113,50182
d1di2a_,group139,54768
d1nxma_,group78,51182
d1orfa_,group126,50494
d1jspb_,group32,47370
d1oi1a2,group400,63748
d1hx0a1,group73,51011
d1qh5a_,group170,56281
d1ew3a_,group133,50814
d1nvta2,group210,53223
d1eu8a_,group237,53850
d1eika_,group293,55287
d2gmfa_,group16,47266
d1ggla_,group133,50814
d1cuk_2,group31,47781
d1gvha3,group182,52343
d1gvha1,group1,46458
d1b8pa1,group82,51735
d1g72b_,group44,48666
d2mcm__,group83,49319
d1m4ja_,group158,55753
d1hm6a_,group49,47874
d1hzma_,group197,52821
d1gs5a_,group220,53633
d1b3ta_,group142,54957
d1azwa_,group114,53474
d1loka_,group107,53187
d1hlra1,group43,47741
d1a5t_2,group97,52540
d1hlra3,group269,54665
d1hlra2,group254,54292
d1fexa_,group7,46689
d1n7oa3,group56,74650
d1cewi_,group132,54403
d1g2ba_,group58,50044
d1qn2a_,group6,46626
d7aata_,group215,53383
d1nzya_,group172,52096
d1tig__,group145,55200
d1muma_,group161,51621
d1d7qa_,group116,50249
d1pgja1,group60,48179
d1gwea_,group347,56634
d1kpsb_,group42,69099
d1a8h_2,group183,52374
d1odma_,group78,51197
d1ecsa_,group135,54593
d1f62a_,group394,57903
d1bl0a2,group7,46689
d1ji2a1,group408,81296
d1ji2a2,group138,51011
d1pkla1,group132,50800
d1o0sa2,group108,53223
d1o0sa1,group82,51735
d1jjcb5,group309,55681
d1jlva1,group26,47616
d1bea__,group30,47699
d1jjcb2,group6,46955
d2u1a__,group283,54928
d1hjra_,group106,53098
d1rb9__,group196,57802
d1bqv__,group44,47769
d1ghk__,group148,51230
d1mzja2,group238,53901
d1mzja1,group238,53901
d1gu6a_,group77,48695
d1ocxa_,group77,51161
d1o04a_,group229,53720
d1igna1,group4,46689
d1d1da1,group18,47353
d153l__,group124,53955
d1opka2,group305,55550
d1au1a_,group27,47266
d1jd1a_,group294,55298
d1cnza_,group223,53659
d1k7ba_,group371,57424
d1ddja_,group126,50494
d1li4a1,group82,51735
d1f53a_,group51,49695
d1jk7a_,group171,56300
d1e29a_,group3,46626
d1m9fc_,group51,47943
d1d0da_,group182,57362
d1kb2a_,group385,57716
d1hdia_,group231,53748
d1mwza_,group285,55008
d1zpda1,group94,52467
d1qba_4,group152,55545
d1zpda3,group190,52518
d1zpda2,group96,52518
d1gpua3,group199,52922
d1pkp_2,group139,54768
d2hcc__,group245,54117
d1vrta2,group350,56672
d1jj2y_,group196,57829
d1eeja2,group132,54423
d1eeja1,group101,52833
d1np3a1,group39,48179
d1kbea_,group199,57889
d1php__,group231,53748
d1dcpa_,group146,55248
d1n3ja_,group80,82199
d1g43a_,group47,49384
d1gmea_,group98,49764
d1i5hw_,group139,51045
d1jdqa_,group401,64307
d1jova_,group56,74650
d1gkla_,group114,53474
d1yrga_,group170,52047
d1pls__,group131,50729
d1fh0a_,group242,54001
d1qc5a_,group213,53300
d1jo0a_,group145,75471
d1e8ga1,group142,55103
d1fxza2,group145,51182
d1jm7a_,group391,57850
d1h21a_,group45,48695
d1paa__,group192,57667
d1jixa_,group232,53756
d1a26_2,group173,56399
d1ctj__,group3,46626
d1jtdb_,group72,50985
d1lnqa2,group411,81324
d1vpsa_,group208,88648
d1ejfa_,group98,49764
d1e42a1,group46,49348
d1bqua1,group79,49265
d1plq_1,group328,55979
d1plq_2,group328,55979
d1k9vf_,group181,52317
d1mfa_2,group78,48726
d1ek1a2,group217,53474
d1hlqa_,group382,57652
d1ebda2,group167,51905
d1ebda3,group299,55424
d3eipa_,group134,54552
d1fd3a_,group183,57392
d1hyrc2,group261,54452
d1fm0d_,group130,54285
d1emo_1,group365,57196
d1cx1a_,group99,49785
d1hyua3,group198,52833
d1guia_,group52,49785
d1cxya_,group318,55856
d1nhkl_,group282,54919
d1gnf__,group385,57716
d1j7qa_,group23,47473
d1jj22_,group196,57829
d1k2pa_,group333,56112
d1dceb_,group63,48239
d1qhva_,group101,49835
d1f60a3,group97,52540
d1ocrc_,group413,81452
d1cpq__,group23,47175
d1l6ha_,group30,47699
d1wapa_,group78,51219
d1llda2,group339,56327
d1kepa_,group166,51735
d1nnsa_,group233,53774
d1axda1,group38,47616
d1plc__,group49,49503
d1j2qh_,group336,56235
d1h9ma1,group118,50331
d1h9ma2,group118,50331
d1fuea_,group90,52218
d1o6za2,group339,56327
d1dfsa_,group198,57868
d1io0a_,group86,52047
d2viua_,group100,49818
d1g8ka1,group67,50692
d1f8ea_,group71,50939
d1gh7a2,group79,49265
d1gh7a1,group79,49265
d1kqwa_,group133,50814
d1eb6a_,group152,55486
d1fs1b2,group138,54695
d1phr__,group195,52788
d1lqpa_,group135,54593
d1m2ka_,group94,52467
d1lswa_,group314,55785
d1e4ua_,group197,57850
d1az9_2,group322,55920
d1ogha_,group80,51283
d1eut_1,group408,81296
d1eit__,group361,57059
d1fp3a_,group40,48208
d1dec__,group366,57262
d1ed8a_,group222,53649
d1jj7a_,group191,52540
d1m4oa_,group78,51182
d1o4sa_,group215,53383
d1llp__,group57,48113
d1p8ja2,group192,52743
d3prn__,group359,56935
d1cqqa_,group66,50494
d1iooa_,group320,55895
d1kfta_,group31,47781
d1gtza_,group180,52304
d2hhma_,group349,56655
d1d4m1_,group419,88633
d1d02a_,group105,52980
d1pht__,group58,50044
d1e7ka_,group296,55315
d1eucb2,group166,56059
d1gdea_,group215,53383
d1afb11,group175,56436
d1b5ea_,group317,55831
d1g96a_,group258,54403
d1jqga1,group209,53187
d1nwaa_,group142,55068
d1jqga2,group279,54897
d1jaja_,group204,81301
d1rlf__,group251,54236
d1bo9a_,group49,47874
d1a8p_1,group64,63380
d1a8p_2,group182,52343
d1g8la1,group80,63867
d1c01a_,group51,49695
d1mpza_,group378,57552
d1bm9a_,group4,46785
d1gps__,group180,57095
d1p4wa_,group11,46894
d1d2na_,group191,52540
d1jzna_,group343,56436
d1or7a2,group425,88946
d1bn8a_,group143,51126
d1myo__,group69,48403
d1sfe_1,group8,46767
d1d5va_,group4,46785
d1iyma_,group391,57850
d1ihga1,group42,48452
d1f60a2,group124,50465
d1f60a1,group64,50447
d1mut__,group316,55811
d1i50f_,group293,55287
d1hx1b_,group7,63491
d1lqva_,group261,54452
d1f1ca_,group6,46626
d2ay1a_,group215,53383
d1ltoa_,group126,50494
d1e3oc2,group21,47413
d1eo9a_,group91,49482
d1e3oc1,group7,46689
d1a81a2,group305,55550
d1a81a1,group305,55550
d1pf4a1,group191,52540
d1fmca_,group166,51735
d1gyta2,group209,53187
d1fhoa_,group68,50729
d1b72b_,group7,46689
d1e17a_,group10,46785
d1fx2a_,group142,55073
d1hpwa_,group263,54523
d1m0ua1,group38,47616
d2fcr__,group177,52218
d1ln1a_,group163,55961
d1l0lb2,group397,63411
d1l0lb1,group397,63411
d1dgua_,group35,47473
d1otfa_,group148,55331
d1gkda_,group303,55486
d1jqia2,group348,56645
d1jqia1,group19,47203
d1qmha1,group101,52913
d1gk8i_,group292,55239
d3lada2,group167,51905
d3lada3,group299,55424
d1cc8a_,group285,55008
d1eexg_,group13,47148
d1owta_,group209,89811
d1lyva_,group100,52799
d3tss_2,group130,54334
d1qk6a_,group361,57059
d1g31a_,group59,50129
d1g6xa_,group182,57362
d1d4ba_,group130,54277
d1kcfa1,group201,68906
d1nuna_,group119,50353
d1qhoa3,group73,51011
d1qhoa2,group48,49452
d1kwga2,group81,51445
d1qhoa4,group157,51445
d1kwga1,group73,51011
d1ezvd2,group207,81496
d1gefa_,group105,52980
d1cd1a2,group261,54452
d1ioxa_,group365,57196
d1cd9b1,group79,49265
d1ggpa_,group340,56371
d1br9__,group62,50242
d1ekbb_,group126,50494
d1a8d_1,group55,49899
d1a8d_2,group63,50386
d1prtf_,group114,50203
d1que_2,group182,52343
d1que_1,group396,63380
d1p1ca_,group111,53335
d1gxea_,group46,48726
d1ccwa_,group90,52242
d1gnya_,group52,49785
d1d4ua2,group194,57716
d1epxa_,group81,51569
d1h03p2,group377,57535
d2mev3_,group419,88633
d2a0b__,group14,47226
d1bxda_,group319,55874
d1d2ra_,group92,52374
d1uapa_,group62,50242
d1jala2,group130,81271
d1cwva5,group175,56436
d1jida_,group406,69695
d1i50l_,group196,63393
d1ajsa_,group112,53383
d1gmya_,group242,54001
d1ft9a2,group78,51206
d1gska2,group92,49503
d1gska3,group92,49503
d1vdc_2,group167,51905
d4sgbi_,group186,57467
d1l5aa1,group98,52777
d1fsz_1,group188,52490
d1fsz_2,group295,55307
d1l5aa2,group98,52777
d1gxca_,group54,49879
d2ptd__,group164,51695
d1k3ba_,group70,75001
d1i7ka_,group262,54495
d1a59__,group64,48256
d3proc1,group141,54806
d1hlb__,group1,46458
d1a8l_1,group101,52833
d1a8l_2,group101,52833
d1kv7a1,group92,49503
d1dmza_,group54,49879
d1kv7a2,group49,49503
d1ubdc3,group383,57667
d1ez4a2,group339,56327
d1m4ra_,group27,47266
d1flma_,group65,50475
d1bf4a_,group58,54160
d2irfg_,group4,46785
d1a53__,group154,51366
d1k82a2,group416,81624
d1a8h_1,group28,47323
d1eyha_,group42,48464
d1c3d__,group40,48239
d1qd1a1,group142,55116
d1czya1,group94,49599
d1ekja_,group204,53056
d1eq3a_,group264,54534
d1myn__,group362,57095
d1fxd__,group278,54862
d1i8aa_,group46,49344
d1quwa_,group198,52833
d1jtka_,group239,53927
d1f74a_,group159,51569
d1tgxa_,group367,57302
d1dcja_,group145,64307
d1gsa_2,group166,56059
d1gsa_1,group93,52440
d1orsc_,group411,81324
d1ib8a1,group61,74942
d1ib8a2,group141,75420
d1bev3_,group419,88633
d3thia_,group120,53850
d1rmg__,group143,51126
d1bag_1,group73,51011
d1my7a_,group408,81296
d1bzya_,group212,53271
d1khia1,group58,50104
d1ii2a2,group405,68923
d1hev__,group360,57016
d1giqa2,group341,56399
d1itwa_,group223,53659
d1giqa1,group341,56399
d1h3la_,group425,88946
d1jj2f_,group147,55315
d1lgha_,group357,56918
d1e79d1,group50,47917
d7reqa1,group81,51703
d1e79d2,group127,50615
d1fzya_,group262,54495
d1qqp3_,group208,88633
d1g4ia_,group76,48619
d1uxy_1,group167,56176
d1tmy__,group176,52172
d1b63a1,group129,54211
d1b63a2,group161,55874
d1by1a_,group55,48065
d1jbga_,group6,46955
d1nf5b_,group113,53448
d1tyfa_,group87,52096
d1hs6a1,group42,48371
d1d3ba_,group61,50182
d1hdj__,group3,46565
d1qba_1,group408,81296
d7reqa2,group178,52242
d1mxma1,group61,50182
d1ryp2_,group169,56235
d1knya1,group14,81593
d1mrj__,group340,56371
d1urk_1,group365,57196
d1gu2a_,group3,46626
d1qpoa2,group137,54675
d1a8e__,group120,53850
d1hbnb2,group142,55088
d1lm8v_,group48,49468
d1c8ua1,group136,54637
d1c8ua2,group136,54637
d1lu9a1,group82,51735
d1lu9a2,group108,53223
d1e68a_,group33,47869
d1eq9a_,group126,50494
d1e5ba_,group47,49384
d1iml_2,group194,57716
d1cvja1,group283,54928
d1cvja2,group283,54928
d1tml__,group168,51989
d1ly2a2,group188,57535
d1ly2a1,group188,57535
d1dgtb3,group88,52113
d1hzzc_,group187,52467
d1ail__,group10,47060
d1stfi_,group132,54403
d1rpxa_,group154,51366
d1qqga2,group68,50729
d1qqga1,group68,50729
d1rlr_2,group84,51998
d1jli__,group16,47266
d1n88a_,group248,54189
d1n3ka_,group36,47986
d1koia_,group69,50814
d1j32a_,group215,53383
d2dora_,group155,51395
d1ffya2,group129,50677
d1eu1a1,group67,50692
d2gsq_1,group38,47616
d1ffya1,group17,47323
d1g25a_,group197,57850
d1qm9a1,group283,54928
d19hca_,group77,48695
d1k1ga_,group140,54791
d1kit_1,group55,49899
d1kit_2,group105,49899
d2cb5a_,group125,54001
d2dkb__,group215,53383
d2abk__,group58,48150
d1nw3a_,group111,53335
d1ocrb1,group92,49503
d1jhda1,group424,88697
d1h8ba_,group23,47473
d1jhda2,group92,52374
d1seta1,group2,46589
d1f8ra2,group131,54373
d1g2913,group118,50331
d1g2912,group191,52540
d1evha_,group131,50729
d1qgha_,group26,47240
d1g2914,group118,50331
d1ntva_,group68,50729
d1ftha_,group335,56214
d1ivwa3,group132,54416
d1ivwa2,group132,54416
d1ehia1,group186,52440
d1lnga_,group406,69695
d1lpba2,group180,57190
d1a5z_2,group339,56327
d1aapa_,group368,57362
d1ehia2,group332,56059
d1fl0a_,group62,50249
d1qe0a1,group104,52954
d1hava_,group66,50494
d1aln_1,group122,53927
d1fgja_,group45,48695
d1l1za2,group416,81624
d1ji4a_,group26,47240
d1b0aa2,group210,53223
d1l1za1,group13,46946
d1ocrm_,group207,81431
d1gwca1,group38,47616
d1lupa_,group361,57059
d1clia1,group147,55326
d1jfma_,group133,54452
d1exta1,group189,57586
d1a6bb_,group195,57756
d1ocrb2,group205,81464
d1pvc1_,group208,88633
d1m2xa_,group170,56281
d1h3fa2,group143,55174
d1pgva_,group170,52047
d1mun__,group38,48150
d1lx8a_,group6,46955
d1eema1,group26,47616
d1eema2,group198,52833
d1mkea1,group68,50729
d1an9a2,group257,54373
d2erl__,group9,47014
d1dq3a3,group154,55608
d1a8y_1,group101,52833
d1n62b2,group329,56003
d1k1aa_,group69,48403
d1mvha_,group418,82199
d1d2zb_,group36,47986
d1a8y_2,group101,52833
d1eaza_,group131,50729
d1dq3a2,group139,54786
d1k5wa_,group93,49562
d1qrea_,group77,51161
d1kxla_,group62,50249
d1i26a_,group361,57059
d1exja1,group14,46955
d1rlw__,group93,49562
d2eifa1,group110,50104
d1miob_,group235,53807
d1m5ya2,group134,54534
d1m5ya3,group264,54534
d1icha_,group36,47986
d1klpa_,group29,47336
d1a34a_,group422,88650
d1m2ra_,group333,56112
d1n7ka_,group159,51569
d1dlja1,group60,48179
d1oaoc_,group353,56821
d1h3qa_,group159,64356
d1ca1_1,group73,48537
d1wdcc_,group35,47473
d1hfua3,group92,49503
d1buda_,group303,55486
d1ei5a1,group70,50886
d1ei5a2,group70,50886
d1ei5a3,group346,56601
d1ktga_,group160,55811
d1fx0b2,group127,50615
d1g0oa_,group166,51735
d1ehkb2,group205,81464
d2drpa1,group192,57667
d1g6q1_,group214,53335
d1qqla_,group119,50353
d1gvea_,group156,51430
d1k8ma_,group79,51230
d1e1oa1,group62,50249
d1ee4a_,group68,48371
d1h6ua2,group171,52058
d1bh9a_,group12,47113
d1oxsc1,group118,50331
d1fa0a4,group409,81301
d1oxsc2,group191,52540
d1b56__,group133,50814
d1d1la_,group21,47413
d1jl9a_,group365,57196
d1hx2a_,group379,57567
d1h4ld_,group35,47954
d1mt0a_,group191,52540
d1jo5a_,group357,56918
d1lfda_,group130,54236
d2naca1,group82,51735
d2ahjb_,group58,50090
d2tnfa_,group102,49842
d1jboa_,group1,46458
d1dm9a_,group143,55174
d1buoa_,group138,54695
d1lkoa1,group15,47240
d1lkoa2,group196,57802
d1mooa_,group140,51069
d1a2pa_,group123,53933
d1tuba2,group147,55307
d1tuba1,group95,52490
d1a6ca2,group208,88633
d1ddba_,group178,56854
d1mn8a_,group32,47836
d1k4za_,group76,69340
d1aisb2,group52,47954
d1aisb1,group35,47954
d1ub3a_,group159,51569
d1m4la_,group107,53187
d1josa_,group141,89919
d1hwxa1,group166,51735
d1nvmb2,group149,55347
d1b43a1,group46,47807
d1ji1a3,group157,51445
d1ji1a2,group73,51011
d1ji1a1,group46,81296
d1e5da1,group90,52218
d1am9a_,group34,47459
d1d7ya3,group150,55424
d1d7ya2,group167,51905
d1fltv_,group187,57501
d2cpl__,group134,50891
d1e5da2,group170,56281
d1b0na2,group21,47413
d7fd1a_,group278,54862
d1njfa_,group191,52540
d1p3ha_,group59,50129
d1lw9a_,group124,53955
d1onea2,group277,54826
d1onea1,group160,51604
d1ilr1_,group119,50353
d2nlra_,group55,49899
d1qb7a_,group212,53271
d1lopa_,group134,50891
d1aokb_,group76,48619
d1a32__,group10,47060
d1ek4a2,group238,53901
d1ek4a1,group238,53901
d1e9ia1,group160,51604
d1mk4a_,group157,55729
d1eysc_,group77,48695
d1hyp__,group30,47699
d1ycc__,group6,46626
d1aqt_1,group2,46604
d1jl1a_,group106,53098
d1e2wa2,group79,51246
d1ucsa_,group80,51269
d1fb6a_,group198,52833
d1l9la_,group33,47862
d1fxra_,group278,54862
d1kbla2,group85,52009
d1kbla3,group166,56059
d1kbla1,group81,51621
d1aqe__,group77,48695
d1k9ja_,group343,56436
d1fjgi_,group129,54211
d1nyta2,group108,53223
d1ptq__,group199,57889
d1hz8a1,group365,57196
d1mg2d_,group3,46626
d1alva_,group35,47473
d1ddla_,group208,88633
d1e8ua_,group71,50939
d1jo8a_,group108,50044
d1cr5a1,group130,50692
d1eixa_,group154,51366
d1kf6a1,group16,46977
d1aoza3,group92,49503
d1aoza2,group92,49503
d1hpi__,group382,57652
d1deeg_,group8,46997
d1e1aa_,group71,63829
d1kewa_,group166,51735
d1stu__,group274,54768
d1feza_,group177,56784
d1crza2,group104,52964
d1hqta_,group156,51430
d1qm9a2,group283,54928
d1duga1,group38,47616
d1fx5a_,group105,49899
d1ot5a1,group52,49785
d1jb0c_,group278,54862
d1ocva_,group260,54427
d1dmc__,group198,57868
d1ifc__,group69,50814
d2hts__,group4,46785
d1ls1a1,group14,47364
d1fdr_2,group91,52343
d1ezga_,group76,51156
d1tx4a_,group41,48350
d1li1a2,group343,56436
d1kywa2,group214,53335
d1hfoa_,group297,55331
d1ocre_,group42,48479
d1opja_,group333,56112
d1gula1,group38,47616
d1uasa1,group73,51011
d1hv2a_,group271,54695
d1obba1,group82,51735
d1elka_,group42,48464
d1moq__,group227,53697
d1om2a_,group13,47157
d1f52a1,group130,54368
d1f52a2,group323,55931
d2e2aa_,group7,46973
d1jdra_,group57,48113
d1bvp12,group100,49818
d1hyka_,group180,57055
d1axn__,group49,47874
d1kppa_,group262,54495
d1jj2e1,group331,56053
d1qyp__,group388,57783
d1csei_,group268,54654
d1rfnb_,group365,57196
d1hh2p2,group276,54814
d1i5ea_,group212,53271
d1h0hb_,group142,54862
d1rypl_,group169,56235
d2mhr__,group14,47188
d1gw0a1,group92,49503
d1gw0a3,group92,49503
d1gw0a2,group92,49503
d1ldna2,group339,56327
d1svpa_,group66,50494
d1iuaa_,group191,57652
d1l2pa_,group207,81573
d1hsja1,group10,46785
d1jd5a_,group395,57924
d1jb0m_,group207,81548
d1n69a_,group33,47862
d1fe0a_,group285,55008
d1gm5a1,group19,69008
d1ahsa_,group53,49818
d1t7pa1,group106,53098
d2spca_,group7,46966
d1e0ta1,group132,50800
d1ehkc_,group207,81473
d1bqba_,group303,55486
d1nira1,group6,46626
d1ryp1_,group169,56235
d1k4cc_,group411,81324
d1atg__,group120,53850
d1io2a_,group106,53098
d1eexb_,group104,52968
d1wdcb_,group35,47473
d1tf3a3,group192,57667
d1kkca2,group273,54719
d1eno__,group166,51735
d1jnda2,group134,54556
d1lo7a_,group136,54637
d1tf3a1,group192,57667
d1dd5a_,group291,55194
d2bat__,group136,50939
d1n62c1,group150,55447
d1ig8a2,group205,53067
d1ig8a1,group205,53067
d1io7a_,group65,48264
d1dbfa_,group294,55298
d2ucz__,group262,54495
d3vub__,group58,50118
d1fu9a_,group192,57667
d1gzca_,group105,49899
d1i1ra1,group79,49265
d1moga_,group209,89807
d1j9ia_,group6,46955
d1jq4a_,group254,54292
d3ygsp_,group36,47986
d1m7ga_,group97,52540
d1l3sa1,group106,53098
d1cxc__,group6,46626
d1e4ea2,group332,56059
d1i0za2,group339,56327
d1bd8__,group69,48403
d1kbia2,group318,55856
d2pela_,group105,49899
d1kmma1,group202,52954
d1n62a1,group43,47741
d1n62a2,group130,54292
d1nj1a2,group145,64586
d1a6ca1,group208,88633
d1kzla2,group64,63380
d1f0ka_,group232,53756
d1cz4a1,group67,50692
d1iyha1,group26,47616
d2glia4,group192,57667
d1b3aa_,group245,54117
d1who__,group50,49590
d2sqca2,group40,48239
d1gpza2,group377,57535
d1m2vb1,group34,81811
d1c0pa2,group131,54373
d1m0wa1,group93,52440
d1ayg__,group3,46626
d1e6ua_,group82,51735
d1klfb1,group47,49401
d1fjgb_,group90,52313
d1mfoa_,group346,56601
d1ekfa_,group351,56752
d1isaa2,group273,54719
d1edza2,group108,53223
d1jfib_,group22,47113
d1pb6a1,group7,46689
d1fx0a1,group50,47917
d1d6ta_,group250,54211
d1gh6a_,group2,46565
d1qo0d_,group90,52172
d1c07a_,group35,47473
d1m06g_,group420,88645
d1dvpa1,group71,48464
d1dvpa2,group394,57903
d1dj0a1,group289,55120
d2oata_,group215,53383
d1bsg__,group346,56601
d1dj0a2,group142,55120
d1cbua_,group97,52540
d1gdna_,group66,50494
d1bn7a_,group217,53474
d1ex2a_,group104,52972
d1mil__,group305,55550
d3pmga1,group230,53738
d1aln_2,group122,53927
d1dgwa_,group78,51182
d1mxra_,group15,47240
d1prtd_,group114,50203
d1bwvs_,group292,55239
d1e5ea_,group215,53383
d1kvka2,group142,55060
d1gesa2,group167,51905
d1k5ca_,group76,51126
d1e4ta_,group183,57392
d1k7ha_,group222,53649
d1iyka2,group157,55729
d1h8pa2,group373,57440
d1h8pa1,group185,57440
d1iyka1,group157,55729
d1d5ta2,group131,54373
d1kx5c_,group12,47113
d1lvl_2,group167,51905
d1k9xa_,group152,55486
d1jpma1,group160,51604
d1jpma2,group277,54826
d1k2fa_,group94,49599
d3pyp__,group159,55785
d1p4ta_,group179,56925
d1bhda_,group36,47576
d1bhga2,group52,49785
d1bhga1,group80,49303
d1hd2a_,group101,52833
d1afj__,group285,55008
d1n0ua1,group64,50447
d1g87a1,group61,48208
d1n0ua3,group129,54211
d1n0ua4,group284,54980
d1es5a_,group346,56601
d1qb5d_,group114,50203
d1lv3a_,group194,57716
d1c7ka_,group152,55486
d1jgsa_,group10,46785
d1e9xa_,group65,48264
d1bpoa1,group68,48371
d2bb2_2,group95,49695
d1lki__,group16,47266
d2bb2_1,group95,49695
d3sil__,group71,50939
d1eqfa2,group32,47370
d1dqza_,group114,53474
d1fzda_,group344,56496
d1btn__,group68,50729
d1lvfa_,group28,47661
d1d8ua_,group1,46458
d1lbqa_,group234,53800
d1qsaa1,group42,48435
d1qu6a1,group274,54768
d1ovma3,group190,52518
d1ovma2,group190,52518
d1ovma1,group187,52467
d1mxta2,group131,54373
d1m9sa3,group58,82057
d1prtb1,group114,50203
d1dj3a_,group191,52540
d1oaa__,group166,51735
d1kmta_,group46,81296
d1imja_,group114,53474
d1l6pa_,group46,74863
d1dqia_,group46,49367
d1qpxa2,group50,49584
d1b00a_,group176,52172
d1qhba_,group66,48317
d1csn__,group333,56112
d1byqa_,group161,55874
d1ge9a_,group291,55194
d1dv8a_,group343,56436
d1dhs__,group94,52467
d1an4a_,group34,47459
d1lam_2,group107,53187
d1lam_1,group103,52949
d1h0oa_,group26,47240
d1fs7a_,group45,48695
d1ee8a2,group416,81624
d1bh9b_,group12,47113
d1af7_2,group111,53335
d1d5ra2,group100,52799
d1cxzb_,group2,46585
d1jnrb_,group142,54862
d1guqa2,group128,54197
d1guqa1,group128,54197
d1iqza_,group278,54862
d1g8kb_,group106,50022
d1l5ja2,group85,52016
d1h3ia2,group80,82199
d1l1qa_,group212,53271
d1bf0__,group368,57362
d1kf6b1,group2,46548
d1nlbh1,group78,48726
d1kf6b2,group254,54292
d1a8ra_,group155,55620
d1kvoa_,group76,48619
d1k12a_,group52,49785
d1co6a_,group6,46626
d1n00a_,group49,47874
d1fjsa_,group126,50494
d1hc7a3,group145,64586
d1pbk__,group264,54534
d1hkya_,group184,57414
d1ll8a_,group159,55785
d1i52a_,group113,53448
d1fjeb2,group283,54928
d1jvwa_,group264,54534
d2sak__,group130,54328
d1quua1,group7,46966
d1quua2,group7,46966
d1k3ia1,group408,81296
d1bf6a_,group158,51556
d1b9wa1,group180,57196
d1dqwa_,group154,51366
d1izca_,group161,51621
d2cmd_2,group172,56327
d1zaka2,group196,57774
d1aono_,group111,50129
d1bhe__,group143,51126
d1k32a3,group72,69322
d1k32a2,group71,69304
d1k32a1,group60,50156
d1nkpa_,group22,47459
d1c9la2,group72,50989
d1hg8a_,group143,51126
d1i6aa_,group237,53850
d1ueka1,group129,54211
d1n1ea2,group82,51735
d1n1ea1,group39,48179
d1mc0a2,group313,55781
d1mc0a1,group159,55781
d1l9xa_,group90,52317
d1gg3a2,group131,50729
d1gg3a3,group251,54236
d1gg3a1,group19,47031
d1qfha1,group408,81296
d1b0xa_,group44,47769
d1gs9a_,group14,47162
d1qfea_,group159,51569
d1ilya_,group207,53137
d1qlwa_,group114,53474
d1cg5b_,group1,46458
d1h6ta2,group171,52058
d1iata_,group227,53697
d1laxa_,group120,53850
d1gci__,group192,52743
d1daaa_,group351,56752
d1jv4a_,group133,50814
d1bgxt1,group31,47807
d1tul__,group80,51289
d1ijva_,group183,57392
d1fcda2,group83,51905
d1fcda3,group150,55424
d1o7fa3,group147,51206
d1o7fa2,group147,51206
d1o7fa1,group4,46785
d2msta_,group283,54928
d1mxa_2,group327,55973
d1l6wa_,group159,51569
d1lcya1,group60,50156
d1iyjb5,group62,50249
d1hhsa_,group176,56672
d1qh4a2,group323,55931
d1hcna_,group187,57501
d1icxa_,group326,55961
d1tdj_1,group226,53686
d1duvg1,group115,53671
d1duvg2,group115,53671
d1bcg__,group362,57095
d1iru2_,group336,56235
d1lpba1,group364,57190
d1jsca2,group190,52518
d1jsca1,group187,52467
d1g4da_,group6,46955
d1lvoa_,group126,50494
d1l0oa_,group161,55874
d1i8da2,group396,63380
d1npia_,group362,57095
d1jr3d1,group37,48019
d1m98a2,group260,54427
d1ocrd_,group207,81406
d1kwma1,group209,53187
d1gyta1,group103,52949
d1kjqa2,group93,52440
d1kjqa1,group79,51246
d1fjgd_,group143,55174
d1ji6a1,group99,49785
d1ji6a2,group141,51096
d1ji6a3,group355,56849
d1mai__,group68,50729
d1rfna_,group126,50494
d1n62b1,group137,54665
d1m6ba2,group171,52058
d1m6ba3,group363,57184
d1m6ba4,group363,57184
d1k87a2,group81,51730
d1h3na2,group129,50677
d1iv3a_,group147,69765
d1fftc_,group413,81452
d1nkd__,group20,47380
d1fyhb1,group79,49265
d1gu3a_,group52,49785
d1nd6a_,group211,53254
d1opd__,group306,55594
d1utea_,group171,56300
d1ce3a_,group374,57467
d1bpv__,group79,49265
d1qi9a_,group66,48317
d1g3nc1,group52,47954
d8abp__,group119,53822
d1js1x2,group224,53671
d1f9ya_,group142,55083
d1m56c_,group413,81452
d1mtyd_,group15,47240
d1jb7a1,group62,50249
d1jb7a2,group62,50249
d1jb7a3,group62,50249
d1byi__,group97,52540
d1yaaa_,group215,53383
d1fjgn_,group194,57716
d1iioa_,group23,69025
d1el0a_,group245,54117
d1ckv__,group330,56029
d1kx5b_,group12,47113
d1qcfa1,group108,50044
d1ejba_,group174,52121
d1m5za_,group60,50156
d1jmxa2,group3,46626
d1epwa1,group105,49899
d1epwa2,group121,50386
d1mg8a_,group251,54236
d1m2ta_,group340,56371
d1ayoa_,group47,49410
d1fv5a_,group192,57667
d1klxa_,group42,81901
d1o14a_,group219,53613
d1pii_2,group154,51366
d1pii_1,group154,51366
d1f0za_,group253,54285
d1bhp__,group372,57429
d1jhja_,group52,49785
d1b67a_,group22,47113
d1ivsa3,group129,50677
d1ivsa2,group17,47323
d1ivsa1,group2,46589
d1ift__,group340,56371
d1dj7b_,group58,50090
d1ix9a2,group273,54719
d1ix9a1,group2,46609
d1ireb_,group109,50090
d1lm8b_,group251,54236
d1a9xb1,group85,52021
d1f7da_,group152,51283
d1hxmb1,group78,48726
d1boub_,group107,53213
d1a04a2,group176,52172
d1a04a1,group11,46894
d1tf3a2,group383,57667
d1m5xa_,group307,55608
d1et9a2,group256,54334
d1csh__,group64,48256
d1feha3,group278,54862
d1ofda1,group76,69336
d1yaca_,group189,52499
d1bvoa_,group89,49417
d1cot__,group6,46626
d1obza1,group112,50156
d1j9oa_,group245,54117
d1zaga2,group261,54452
d1ddf__,group36,47986
d1d4va2,group380,57586
d1qsaa2,group124,53955
d1rl6a2,group165,56053
d1rl6a1,group165,56053
d1i42a_,group130,54236
d1jgna_,group399,63570
d1nxia_,group142,89946
d1be9a_,group112,50156
d1tmf1_,group419,88633
d1knya2,group204,81301
d1eaxa_,group126,50494
d1ko9a1,group38,48150
d1ko9a2,group163,55945
d1jz8a3,group52,49785
d1jz8a2,group80,49303
d1jz8a1,group80,49303
d1m2da_,group101,52833
d1jz8a4,group56,74650
d1guta_,group118,50331
d1iz5a1,group164,55979
d1qj8a_,group179,56925
d1bio__,group126,50494
d1oe4a_,group89,52141
d1doza_,group118,53800
d1fw1a1,group38,47616
d1o0ya_,group159,51569
d1mh9a_,group177,56784
d1cdza_,group88,52113
d1mdc__,group133,50814
d1qsta_,group157,55729
d1i8da1,group396,63380
d1fj2a_,group114,53474
d1e25a_,group346,56601
d1bor__,group391,57850
d1ne5a_,group180,57095
d1f1sa3,group103,49863
d1lyxa_,group153,51351
d1k1ca_,group306,55594
d1mqva_,group23,47175
d1mzaa_,group126,50494
d1zug__,group33,47413
d1iqra2,group185,52425
d1iqra1,group59,48173
d1jmva_,group92,52402
d1nf3c_,group112,50156
d1iiba_,group99,52794
d1jiha_,group350,56672
d1kqpa_,group92,52402
d3kvt__,group271,54695
d1nkpb_,group34,47459
d1iz5a2,group164,55979
d1bu6o2,group106,53067
d1bu6o1,group106,53067
d1jkw_1,group35,47954
d1jj2u_,group2,46561
d1jkw_2,group35,47954
d1qlaa3,group342,56425
d1o1va_,group133,50814
d1eny__,group166,51735
d1iwda_,group242,54001
d1b4fa_,group31,47769
d1jfja_,group35,47473
d1ecfa1,group109,53271
d1ecfa2,group336,56235
d1hfua1,group49,49503
d1jj2z_,group196,57829
d1fjgk_,group207,53137
d1pmt_1,group38,47616
d1f2la_,group245,54117
d1iqca2,group3,46626
d1dzoa_,group263,54523
d1gr3a_,group102,49842
d1iqca1,group3,46626
d1cpza_,group285,55008
d1gy6a_,group260,54427
d7taa_1,group73,51011
d7taa_2,group157,51445
d1j2ya_,group180,52304
d1bhta2,group373,57440
d1muca1,group160,51604
d1b2pa_,group142,51110
d1ox0a1,group121,53901
d1ox0a2,group121,53901
d1edha2,group82,49313
d1lmia_,group46,81982
d1ju3a2,group114,53474
d1vola1,group52,47954
d1jl7a_,group1,46458
d1fura_,group75,48557
d2ilk__,group16,47266
d1idaa_,group128,50630
d1gen__,group135,50923
d1aba__,group101,52833
d1itha_,group1,46458
d1f08a_,group151,55464
d1m7ja3,group81,51556
d1gcya1,group73,51011
d1ei1a1,group129,54211
d1ei1a2,group161,55874
d1mpp__,group128,50630
d1j54a_,group106,53098
d1dxrm_,group415,81483
d1ofza_,group71,89372
d1n08a_,group64,82114
d1p6pa_,group133,50814
d1h0xa_,group145,82704
d3euga_,group89,52141
d1bgva2,group108,53223
d1qaua_,group60,50156
d1m1ga2,group110,50104
d1k3ya2,group101,52833
d1n7da7,group371,57424
d1lmja1,group180,57196
d1jnra1,group7,46977
d1lnsa1,group24,81761
d1ma1a2,group273,54719
d1buna_,group76,48619
d1rypj_,group336,56235
d1nfva_,group26,47240
d2pia_3,group254,54292
d1d6aa_,group340,56371
d1a0tp_,group359,56935
d3mbp__,group237,53850
d1c7qa_,group227,53697
d2fmr__,group140,54791
d1ig0a1,group78,63862
d1jkva_,group15,47240
d1gph11,group212,53271
d1gph12,group336,56235
d1fftb2,group205,81464
d1dih_2,group149,55347
d1leha2,group210,53223
d1dyr__,group218,53597
d1lb2b_,group31,47789
d1kcw_4,group92,49503
d1kcw_5,group92,49503
d1kcw_6,group92,49503
d1kcw_1,group49,49503
d1kcw_2,group49,49503
d1n7daa,group371,57424
d1fjge2,group274,54768
d1en2a2,group360,57016
d1quba2,group377,57535
d1quba1,group188,57535
d1ek6a_,group166,51735
d1quba4,group188,57535
d1kbaa_,group181,57302
d1o0pa_,group283,54928
d1joca1,group394,57903
d1bpya1,group31,47802
d1auua_,group59,50151
d1n2za_,group118,53807
d1fxkc_,group2,46579
d1d7pm_,group52,49785
d1noga_,group15,89028
d1gosa2,group131,54373
d1dcta_,group214,53335
d1nbwa1,group85,82317
d1nbwa3,group106,53067
d1hzpa1,group238,53901
d2prd__,group117,50324
d1kapp2,group152,55486
d1tf6a4,group383,57667
d1ncx__,group35,47473
d1bs0a_,group112,53383
d1ku0a_,group114,53474
d1jb7b_,group62,50249
d1dsza_,group194,57716
d1e4ia_,group157,51445
d1nn7a_,group271,54695
d1qg6a_,group166,51735
d1m2oa1,group34,81811
d1kkha1,group129,54211
d1o3ya_,group97,52540
d1i2oa_,group159,51569
d1eb7a1,group6,46626
d1rypa_,group169,56235
d1kkha2,group287,55060
d1cz1a_,group81,51445
d1qdda_,group175,56436
d1a7i_2,group385,57716
d1jcfa1,group205,53067
d1qjoa_,group148,51230
d1g47a2,group385,57716
d1g47a1,group194,57716
d1dxrc_,group45,48695
d1i7na2,group166,56059
d1d4ta_,group305,55550
d1l5wa_,group232,53756
d2aak__,group262,54495
d1sco__,group362,57095
d1d1qa_,group99,52788
d1g7oa2,group101,52833
d1g7oa1,group26,47616
d1d2sa_,group55,49899
d1uaqa_,group122,53927
d1ncs__,group192,57667
d1r69__,group33,47413
d1dv1a1,group79,51246
d1k4ta1,group2,46596
d1i19a2,group167,56176
d1fts_1,group14,47364
d1lj9a_,group4,46785
d1c3za_,group23,47565
d1ll7a2,group134,54556
d1qmga2,group82,51735
d1hwtc1,group384,57701
d1qmga1,group39,48179
d1exea_,group42,47729
d1ic8a2,group21,47413
d1k99a_,group11,47095
d1abrb1,group63,50370
d1j6za2,group106,53067
d1dnpa1,group59,48173
d1dnpa2,group185,52425
d1m56b2,group414,81464
d1e5ma1,group238,53901
d1e5ma2,group238,53901
d1m56b1,group92,49503
d1lo1a_,group385,57716
d1dyna_,group68,50729
d1tgsi_,group374,57467
d1e3ja2,group82,51735
d1m8aa_,group245,54117
d1pbua_,group142,89942
d1itva_,group135,50923
d4blma_,group346,56601
d1kv6a_,group72,48508
d1b08a1,group343,56436
d1a02n1,group408,81296
d1a02n2,group47,49417
d1h54a1,group40,48208
d1lf6a2,group56,74650
d1lf6a1,group40,48208
d1ntha_,group81,75098
d1cjxa1,group135,54593
d1tpla_,group215,53383
d1brwa1,group27,47648
d1brwa3,group137,54680
d1g40a1,group188,57535
d1g40a2,group377,57535
d1b16a_,group166,51735
d1g40a4,group377,57535
d1qcqa_,group262,54495
d1kx5a_,group12,47113
d1tbd__,group151,55464
d1iw7f1,group423,88659
d3tata_,group215,53383
d1iw7f3,group425,88946
d1eqka_,group258,54403
d1d3bb_,group113,50182
d1rblm_,group292,55239
d1akp__,group83,49319
d1n2sa_,group82,51735
d1kas_1,group238,53901
d1fiua_,group105,52980
d1bi7b_,group69,48403
d1c16a2,group261,54452
d1nvma2,group159,51569
d1nvma1,group5,89000
d1h16a_,group84,51998
d1ic6a_,group192,52743
d1ha4a_,group95,49695
d1prea1,group175,56436
d1tvxa_,group245,54117
d1dqna_,group212,53271
d1a9xa3,group93,52440
d1a9xa5,group166,56059
d1a9xa4,group186,52440
d1czsa_,group99,49785
d1a9xa6,group332,56059
d1cbg__,group157,51445
d2cro__,group21,47413
d1ld8a_,group42,48439
d1b06a2,group273,54719
d1b06a1,group5,46609
d1kdga2,group131,54373
d1p1ja2,group149,55347
d1nlwa_,group22,47459
d1ngr__,group36,47986
d1ktja_,group408,81296
d1nox__,group302,55469
d1bb8__,group127,54171
d1jiga_,group26,47240
d1dwma_,group268,54654
d1rypg_,group336,56235
d3ebx__,group181,57302
d1sh1__,group369,57392
d1mtyg_,group13,47152
d1aoca_,group187,57501
d1mb8a1,group24,47576
d1mb8a2,group36,47576
d1fmja_,group191,52540
d1sva1_,group421,88648
d1ojt_2,group167,51905
d1ojt_3,group299,55424
d1c2ya_,group174,52121
d1aisa1,group324,55945
d1j7na2,group152,55486
d1n8pa_,group215,53383
d1j7na1,group152,55486
d1de4c1,group29,47672
d1c0va_,group205,81333
d1jafa_,group23,47175
d1dfca4,group122,50405
d1k3xa1,group203,46946
d1nj8a2,group145,64586
d1nj8a1,group202,52954
d1k3xa2,group416,81624
d1ile_1,group28,47323
d1ile_2,group129,50677
d1hjza_,group103,52949
d1ocrg_,group207,81411
d1p4ua_,group85,49348
d1ep7a_,group198,52833
d1cbs__,group133,50814
d1hf2a1,group76,63848
d1dpe__,group237,53850
d1o0wa2,group139,54768
d2pth__,group107,53178
d1l9ka_,group111,53335
d1h59b_,group180,57184
d1mm0a_,group362,57095
d1feca3,group299,55424
d1b9la_,group155,55620
d1l3ka2,group283,54928
d1jeia_,group398,63451
d1aoea_,group218,53597
d1ac5__,group217,53474
d1hkqa_,group10,46785
d1xaa__,group223,53659
d1h8ca_,group130,54236
d1oxja2,group42,48371
d1oxja1,group31,47769
d1deua_,group242,54001
d1jj2b_,group64,50447
d1rcd__,group26,47240
d1ast__,group152,55486
d1ck9a_,group296,55315
d1bkca_,group303,55486
d1g85a_,group133,50814
d1nfdb1,group78,48726
d1tfe__,group272,54713
d1o8ua_,group172,52096
d1jqea_,group111,53335
d1jdw__,group162,55909
d1n8yc4,group363,57184
d1qvca_,group116,50249
d1k82a1,group203,46946
d1tfi__,group196,57783
d1f5xa_,group55,48065
d1fjgt_,group7,46992
d1sty__,group62,50199
d1k92a1,group92,52402
d1hula_,group16,47266
d1axib2,group79,49265
d1qo8a1,group77,48695
d1jmsa1,group31,47802
d1kf6d_,group206,81343
d1ikza_,group196,52799
d1cfr__,group105,52980
d1n8va_,group42,48371
d1eiha_,group245,54117
d1jkma_,group217,53474
d1lqsl_,group27,47266
d1fcdc2,group3,46626
d1i1rb_,group27,47266
d1exma1,group123,50447
d1krha1,group64,63380
d1cc5__,group3,46626
d1m94a_,group251,54236
d1ckqa_,group105,52980
d1ml4a2,group115,53671
d1aoa_1,group36,47576
d1aoa_2,group24,47576
d1ml4a1,group224,53671
d1cf2o2,group149,55347
d1oafa_,group57,48113
d1a4ma_,group158,51556
d1m7xa2,group73,51011
d4fiv__,group128,50630
d1n9ra_,group113,50182
d1g61a_,group162,55909
d1otra_,group5,46934
d1smva_,group419,88633
d1k2ea_,group160,55811
d1m1nb_,group118,53807
d1nbwb_,group104,52968
d1erv__,group198,52833
d1cuna1,group15,46966
d1l0oc_,group423,88659
d1cuna2,group15,46966
d1czan2,group106,53067
d1czan3,group205,53067
d1czan1,group106,53067
d1g2qa_,group109,53271
d1efpa1,group184,52402
d1k3ka_,group178,56854
d1erp__,group18,47014
d1ivoa4,group363,57184
d1akjd_,group78,48726
d1n1ja_,group12,47113
d1kt1a1,group70,48452
d1knva_,group203,52980
d1atla_,group303,55486
d1khma_,group275,54791
d1nuba3,group374,57467
d1g9mh1,group78,48726
d1hwxa2,group210,53223
d1cfza_,group107,53163
d1ghpa_,group346,56601
d1e87a_,group343,56436
d1hn0a1,group40,48230
d1lr7a2,group374,57467
d1o9aa2,group190,57603
d1m4va2,group256,54334
d1kqfb1,group278,54862
d1kdu__,group373,57440
d1fp1d1,group4,46785
d1qg7a_,group245,54117
d1hk8a_,group84,51998
d1kj6a_,group183,57392
d1is2a1,group19,47203
d1klih_,group126,50494
d1is2a3,group348,56645
d1is2a2,group19,47203
d1ds1a_,group78,51197
d1jnra3,group174,56425
d1i40a_,group62,50324
d1la6a_,group1,46458
d1ew6a_,group1,46458
d1kn6a_,group279,54897
d1fjla_,group7,46689
d1ibrd_,group42,48371
d1o6wa2,group74,51045
d1kz1a_,group174,52121
d1gyva_,group85,49348
d1l1pa_,group264,54534
d1j2pa_,group336,56235
d1k1ea_,group177,56784
d1b5qa2,group131,54373
d1keia_,group303,55486
d7gata_,group194,57716
d1aj8a_,group64,48256
d1f2va_,group90,63965
d1ijta_,group119,50353
d1kg0c_,group175,56436
d1b8aa2,group156,55681
d1di0a_,group174,52121
d1qk7a_,group361,57059
d3fapb_,group14,47212
d1f13a4,group242,54001
d1l0lk_,group207,81518
d2pia_2,group91,52343
d1j0ma1,group62,48230
d1f13a3,group81,49309
d1f13a2,group81,49309
d1euaa_,group159,51569
d2pvba_,group23,47473
d1awj__,group108,50044
d1ka1a_,group349,56655
d1n97a_,group65,48264
d1f0xa2,group167,56176
d1gtra2,group183,52374
d1o9aa1,group190,57603
d1zfd__,group383,57667
d1jssa_,group326,55961
d1g5ba_,group338,56300
d1iq8a4,group132,88802
d1jsda_,group53,49818
d1knga_,group101,52833
d1dqva1,group93,49562
d1jjya_,group353,56821
d1nbfa_,group125,54001
d1lkna_,group78,51182
d1g2ta_,group245,54117
d1k0ra3,group141,54814
d1g62a_,group321,55909
d1j4wa2,group275,54791
d1wba__,group121,50386
d1j4wa1,group275,54791
d1a12a_,group72,50985
d1f1za1,group4,46785
d1f1za2,group105,52980
d1e30a_,group49,49503
d1h8la2,group209,53187
d1h8la1,group48,49464
d1lnia_,group123,53933
d1avgi_,group69,50814
d1eur__,group136,50939
d1lw6i_,group268,54654
d1dz4a_,group65,48264
d1tca__,group114,53474
d1skz_1,group366,57262
d1fnua1,group114,50203
d1hcc__,group377,57535
d1j3ua_,group75,48557
d1jgka_,group367,57302
d1nd9a_,group6,46955
d1c1yb_,group251,54236
d1kw3b2,group135,54593
d1kw3b1,group135,54593
d2bpa2_,group208,88645
d1i5pa1,group52,49785
d1i5pa3,group355,56849
d1i5pa2,group75,51096
d1pina2,group134,54534
d1acz__,group90,49452
d1pina1,group74,51045
d1jmaa_,group46,48726
d2hsp__,group108,50044
d1b8wa_,group369,57392
d1k78a1,group7,46689
d1k78a2,group7,46689
d1jc6a_,group368,57362
d3tss_1,group114,50203
d1kuua_,group169,75569
d1qqra_,group130,54328
d1eiya1,group2,46589
d1g0ha_,group349,56655
d1my6a1,group5,46609
d1nrga_,group125,50475
d1pwt__,group108,50044
d1nsza_,group56,74650
d1dhpa_,group159,51569
d1ht6a1,group73,51011
d1faoa_,group131,50729
d1cuk_1,group5,46929
d1xxaa_,group146,55252
d1erd__,group9,47014
d1fyja_,group10,47060
d1hxma1,group78,48726
d1ddma_,group131,50729
d1hiwa_,group47,47836
d1knaa_,group246,54160
d1k0ia2,group131,54373
d1qi7a_,group340,56371
d1mmc__,group360,57016
d1bjx__,group198,52833
d1af8__,group29,47336
d1jcla_,group159,51569
d1ky8a_,group229,53720
d1bj7__,group133,50814
d1qnf_2,group185,52425
d1mtza_,group217,53474
d1k3pa_,group64,48256
d1gvza_,group126,50494
d1j36a_,group303,55486
d1gxqa_,group11,46894
d1gab__,group17,46997
d2f3ga_,group150,51261
d1iqpa1,group37,48019
d1hrka_,group234,53800
d1i58a_,group161,55874
d1f2da_,group116,53686
d1g9ga_,group40,48208
d1tsk__,group362,57095
d1avqa_,group105,52980
d1jj2s_,group58,50104
d1ja9a_,group166,51735
d1p5vb_,group47,49401
d1uxc__,group21,47413
d1hyqa_,group191,52540
d1i8fa_,group113,50182
d1ee6a_,group76,51126
d1f46a_,group163,64383
d1ei9a_,group114,53474
d1i1ip_,group152,55486
d1kzqa1,group49,74877
d1jaya_,group82,51735
d1rgs_1,group147,51206
d1omwa1,group56,48097
d1jfba_,group65,48264
d1rgs_2,group147,51206
d1oc7a_,group168,51989
d1ash__,group1,46458
d1dq3a4,group154,55608
d1ayx__,group61,48208
d1iufa2,group7,46689
d1iufa1,group7,46689
d1dx5i1,group180,57196
d1lzla_,group114,53474
d1npya2,group108,53223
d1bhta1,group184,57414
d1ej2a_,group92,52374
d1pama2,group90,49452
d1pama4,group157,51445
d1elua_,group112,53383
d1obr__,group209,53187
d1bkpa_,group317,55831
d1mjna_,group110,53300
d1fcya_,group72,48508
d1jb3a_,group62,50242
d1hcia4,group7,46966
d1hcia1,group7,46966
d1qaza_,group40,48230
d1a4ea_,group347,56634
d1i1na_,group214,53335
d1lmb3_,group21,47413
d1ckta_,group21,47095
d1qtfa_,group126,50494
d1l0ba1,group88,52113
d1azsa_,group142,55073
d1is3a_,group55,49899
d1tsg__,group175,56436
d1jhga_,group4,48295
d1nixa_,group361,57059
d1f1ua2,group135,54593
d1f1ua1,group135,54593
d1kmoa_,group359,56935
d1bmr__,group362,57095
d1f2na_,group419,88633
d2mev1_,group208,88633
d1hv9a2,group216,53448
d2gsta1,group38,47616
d1je3a_,group401,64307
d1nekb1,group2,46548
d1nekb2,group254,54292
d1n2ea_,group92,52374
d3crd__,group36,47986
d1kqra_,group55,49899
d1khta_,group97,52540
d1jj2a1,group110,50104
d1nezg_,group46,48726
d1nqla2,group171,52058
d1nqla3,group363,57184
d1ryph_,group336,56235
d1nqla1,group171,52058
d1lvmb_,group66,50494
d1nqla4,group363,57184
d1j34a_,group343,56436
d1hx6a1,group208,49749
d1gkga2,group377,57535
d1e4ft1,group106,53067
d1hx6a2,group97,49749
d1jpc__,group142,51110
d1n8yc2,group171,52058
d1dbga_,group76,51126
d1lsha1,group42,48431
d1e79a2,group127,50615
d1e79a3,group97,52540
d1e79a1,group50,47917
d1mtyb_,group15,47240
d1nwwa_,group132,54427
d1oh0a_,group132,54427
d1emxa_,group361,57059
d1e52a_,group2,46600
d1o08a_,group177,56784
d1eeoa_,group100,52799
d1jb0i_,group207,81540
d1ofda3,group169,56235
d1ej8a_,group46,49329
d1m0ga_,group392,57868
d1ng0a_,group419,88633
d1k1xa1,group8,88688
d1d0qa_,group196,57783
d1efaa1,group33,47413
d1jc9a_,group344,56496
d1qd9a_,group294,55298
d1jhwa3,group311,55753
d1nc5a_,group40,48208
d1d1ha_,group361,57059
d2cnd_1,group396,63380
d2cnd_2,group182,52343
d1j6ya_,group264,54534
d1a2oa1,group176,52172
d1jmxa4,group46,81296
d1jmxa5,group70,69298
d1aye_2,group279,54897
d1jl5a_,group171,52058
d1icra_,group302,55469
d1rypf_,group336,56235
d1gpja3,group142,69742
d1qhxa_,group97,52540
d1o0xa_,group322,55920
d1jgca_,group15,47240
d1muga_,group89,52141
d1h7va_,group389,57802
d1cyx__,group49,49503
d1fbva4,group197,57850
d1m7ka_,group7,63491
d1ja1a3,group182,52343
d1ja1a2,group177,52218
d1ja1a1,group396,63380
d1ggpb1,group120,50370
d1jkna_,group316,55811
d1byka_,group236,53822
d1lh0a_,group109,53271
d1czpa_,group130,54292
d1hzpa2,group238,53901
d1aua_1,group5,46938
d1n5ua3,group74,48552
d1n5ua2,group74,48552
d1n5ua1,group74,48552
d3tdt__,group77,51161
d1k7ia2,group303,55486
d1gzqa2,group133,54452
d1flei_,group180,57256
d1poxa2,group96,52518
d1poxa3,group190,52518
d1poxa1,group94,52467
d2pola3,group164,55979
d2pola2,group164,55979
d2pola1,group164,55979
d1atza_,group110,53300
d1dnya_,group18,47336
d1m0da_,group105,52980
d1tf4a2,group87,49384
d1xnb__,group105,49899
d1aw9_1,group38,47616
d1bupa2,group106,53067
d1dl6a_,group388,57783
d1bupa1,group106,53067
d1k2yx4,group163,55957
d1h70a_,group162,55909
d1e9ma_,group254,54292
d1k2yx1,group117,53738
d1k2yx2,group117,53738
d1k2yx3,group117,53738
d1wer__,group41,48350
d1kv9a1,group6,46626
d1qq5a_,group352,56784
d1mv8a3,group92,52413
d1ocrk_,group207,81423
d1bqya_,group126,50494
d1n1jb_,group12,47113
d1nekc_,group206,81343
d1iica2,group310,55729
d1awcb_,group69,48403
d1qm4a2,group327,55973
d1dlwa_,group1,46458
d1ki1b1,group55,48065
d1j0ma3,group407,74650
d1rmva_,group24,47195
d1mwma2,group106,53067
d1nyta1,group82,51735
d1hyoa1,group58,63433
d1qsma_,group157,55729
d1lwra_,group79,49265
d1o7na1,group57,50022
d1eso__,group84,49329
d1d4va1,group189,57586
d1d4va3,group189,57586
d1eswa_,group81,51445
d1mvoa_,group176,52172
d1n83a_,group72,48508
d1l5pa_,group130,54292
d1or5a_,group18,47336
d1dl5a1,group214,53335
d1e5ka_,group113,53448
d1cpt__,group65,48264
d1p22a2,group137,50978
d1h4ra1,group19,47031
d1h4ra3,group130,54236
d1h4ra2,group68,50729
d1e4mm_,group157,51445
d1fx7a3,group58,50037
d1eqfa1,group32,47370
d1ak0__,group73,48537
d1a87__,group354,56837
d1a1s_2,group224,53671
d1hsm__,group21,47095
d1a17__,group70,48452
d1jae_1,group138,51011
d1gai__,group40,48208
d1byfa_,group343,56436
d1hfes_,group44,48674
d1dl0a_,group361,57059
d1ug6a_,group81,51445
d1jyra_,group305,55550
d1mv8a1,group39,48179
d1mv8a2,group82,51735
d1imt_2,group180,57190
d1dnv__,group208,88645
d1i11a_,group21,47095
d1dqga_,group63,50370
d1imt_1,group364,57190
d1grwa_,group46,49354
d1j5pa3,group149,55347
d1fnf_1,group79,49265
d1h2ea_,group211,53254
d1dyka2,group55,49899
d1dyka1,group105,49899
d1g86a_,group105,49899
d1l9na4,group125,54001
d1b8pa2,group172,56327
d1l9na2,group81,49309
d1l9na3,group81,49309
d1kzka_,group128,50630
d1l9na1,group46,81296
